player,position,age,team,game,game_started,minutes_played,fg,fga,fg_p,tri_fg,tri_fga,tri_fg_p,two_fg,two_fga,two_fg_p,efg_p,ft,fta,fta_p,orb,drb,trb,assists,steals,blocks,tov,fouls,points
Precious Achiuwa,C,24,TOR,11,0,19,2.9,6.4,0.457,0.5,1.7,0.263,2.5,4.6,0.529,0.493,0.9,1.5,0.588,1.8,4.3,6.1,2.3,0.5,0.5,1.4,1.6,7.2
Bam Adebayo,C,26,MIA,14,14,34.4,8.3,15.5,0.535,0.1,0.2,0.333,8.2,15.3,0.537,0.537,6.1,7.4,0.825,2.2,8.1,10.4,3.9,1.4,1,2.6,2.5,22.7
Ochai Agbaji,SG,23,UTA,16,6,18.9,1.9,4.4,0.429,1,2.7,0.372,0.9,1.7,0.519,0.543,0.2,0.3,0.6,0.9,1.8,2.6,1,0.5,0.8,0.7,1.5,4.9
Santi Aldama,PF,23,MEM,10,4,26.5,5.8,13,0.446,2,6,0.333,3.8,7,0.543,0.523,1,1.7,0.588,1.2,4.7,5.9,2,0.5,0.6,1.3,1.7,14.6
Nickeil Alexander-Walker,SG,25,MIN,16,5,22.2,2.3,5.6,0.416,1.3,3.8,0.35,1,1.8,0.552,0.534,0.2,0.6,0.333,0.3,1.7,2,2.6,0.8,0.8,0.8,1.9,6.1
Grayson Allen,SG,28,PHO,16,16,32.5,4.1,8.4,0.489,2.4,5,0.475,1.8,3.4,0.509,0.63,1.3,1.6,0.84,0.8,3.7,4.5,2.9,0.6,0.4,1.6,2.4,11.9
Jarrett Allen,C,25,CLE,12,12,28.3,5.3,8,0.667,0,0,0,5.3,8,0.667,0.667,3.1,4.1,0.755,3,4.7,7.7,2.3,0.6,1.3,1.9,2.6,13.8
Jose Alvarado,PG,25,NOP,4,0,18,3,7.8,0.387,1.5,4.3,0.353,1.5,3.5,0.429,0.484,0.5,1.5,0.333,0.5,2,2.5,2.3,1.5,0.3,1,1.5,8
Kyle Anderson,PF,30,MIN,16,0,24.5,2.9,5.4,0.54,0.1,0.7,0.182,2.8,4.8,0.592,0.552,1.3,2.1,0.606,0.7,3.1,3.8,4,0.9,0.9,1.6,1.5,7.3
Giannis Antetokounmpo,PF,29,MIL,16,16,33.6,11.4,19.3,0.594,0.4,1.9,0.226,11,17.3,0.635,0.606,6.6,10.4,0.633,2.7,7.9,10.6,4.6,1.2,1.2,4.1,3.1,29.9
Thanasis Antetokounmpo,PF,31,MIL,7,0,6.3,0.4,1.1,0.375,0,0,0,0.4,1.1,0.375,0.375,0,0,0,0.3,0.3,0.6,0.6,0.1,0.1,0.6,1,0.9
Cole Anthony,PG,23,ORL,17,0,25.9,4.7,10.9,0.43,1.4,3.9,0.358,3.3,7,0.471,0.495,4.2,4.9,0.845,1.1,3.5,4.6,3.7,0.8,0.4,2.2,2.8,15
OG Anunoby,SF,26,TOR,13,13,31.7,5.8,11.9,0.484,2.6,6.4,0.41,3.2,5.5,0.569,0.594,1.3,2.2,0.607,1.1,3.2,4.2,2.2,1.1,0.7,1.8,2.1,15.5
Ryan Arcidiacono,PG,29,NYK,5,0,2.2,0,0.2,0,0,0.2,0,0,0,0,0,0,0,0,0,0.4,0.4,0,0,0,0,0,0
Deni Avdija,SF,23,WAS,16,16,27,4.7,9.2,0.51,1.1,2.8,0.4,3.6,6.4,0.559,0.571,1.3,1.6,0.808,1.4,4.1,5.4,3.4,0.9,0.3,1.5,2.4,11.8
Deandre Ayton,C,25,POR,15,15,31.5,6,10.3,0.584,0,0,0,6,10.3,0.584,0.584,0.7,1,0.733,3.3,7.6,10.9,1.6,1.4,0.9,1.9,2.7,12.7
Udoka Azubuike,C,24,PHO,2,0,4.5,0.5,0.5,1,0,0,0,0.5,0.5,1,1,0,0,0,0,2,2,0,0,0,0,0.5,1
Marvin Bagley III,C,24,DET,16,6,19.3,4.3,7.3,0.586,0.1,0.3,0.2,4.2,6.9,0.604,0.591,2.4,2.6,0.905,1.9,3.3,5.2,1.4,0.1,0.7,1.3,1.7,10.9
Amari Bailey,PG,19,CHO,1,0,3,1,3,0.333,0,0,0,1,3,0.333,0.333,0,0,0,2,0,2,0,0,0,0,0,2
Patrick Baldwin Jr.,SF,21,WAS,3,0,3.7,0,0.7,0,0,0.3,0,0,0.3,0,0,0,0,0,0,0.3,0.3,0.3,0,0,0,0.3,0
LaMelo Ball,PG,22,CHO,15,15,33.4,8.8,19.9,0.443,3.5,8.9,0.388,5.3,10.9,0.488,0.53,3.6,4.2,0.857,1.5,3.9,5.5,8.2,1.4,0.3,3.9,3.5,24.7
Mo Bamba,C,25,PHI,6,0,3,0.5,1,0.5,0,0.2,0,0.5,0.8,0.6,0.5,0.8,0.8,1,0.5,0.8,1.3,0,0.2,0.3,0.5,0.5,1.8
Paolo Banchero,PF,21,ORL,17,17,33.5,7.2,14.7,0.488,1.4,3.2,0.436,5.8,11.5,0.503,0.536,4.1,6.2,0.651,1.3,5.2,6.5,4.6,1.2,0.6,3.2,2.3,19.8
Desmond Bane,SG,25,MEM,16,16,34.1,8.5,19.3,0.442,3.3,9.1,0.359,5.3,10.2,0.515,0.526,3.4,3.9,0.871,0.9,3.5,4.4,5,1.3,0.6,2.7,3.1,23.6
Dalano Banton,PG,24,BOS,7,1,7.9,1.3,2.7,0.474,0,0.6,0,1.3,2.1,0.6,0.474,0.7,0.7,1,0.9,1.4,2.3,0.4,0.3,0,0.3,1.3,3.3
Dominick Barlow,PF,20,SAS,6,0,5.3,0.3,1,0.333,0,0,0,0.3,1,0.333,0.333,0.3,0.7,0.5,0,0.8,0.8,0,0.2,0,0,0.3,1
Harrison Barnes,PF,31,SAC,15,15,31.5,4.1,8.8,0.47,1.9,5.1,0.377,2.2,3.7,0.6,0.58,2.4,2.9,0.837,0.7,2.3,3.1,1.5,0.8,0.1,0.9,1.1,12.6
Scottie Barnes,SG,22,TOR,17,17,34.4,7.1,15.3,0.465,1.9,5,0.376,5.2,10.3,0.509,0.527,2.9,3.8,0.754,2.6,6.5,9.1,5.6,1.6,1.3,2.5,1.9,19
RJ Barrett,SG,23,NYK,11,11,30.1,6.7,15.1,0.446,2.3,5.1,0.446,4.5,10,0.445,0.521,3.7,4.5,0.837,0.5,3.4,3.9,2.5,0.5,0.3,2.1,1.6,19.5
Charles Bassey,C,23,SAS,17,0,10.7,1.5,2.1,0.694,0,0.1,0,1.5,2.1,0.714,0.694,0.3,0.4,0.833,1.2,2.5,3.8,1.1,0.5,0.7,0.8,1.4,3.2
Emoni Bates,SF,20,CLE,7,0,7.4,0.6,2.1,0.267,0.4,1.7,0.25,0.1,0.4,0.333,0.367,0.1,0.3,0.5,0.1,1.1,1.3,0.3,0.1,0.1,0.1,0.3,1.7
Keita Bates-Diop,SF,28,PHO,14,6,20.4,2.1,5.1,0.403,0.6,2.1,0.276,1.5,3.1,0.488,0.458,1.1,1.6,0.682,1.1,2.5,3.6,1,0.8,1,0.2,1.4,5.8
Nicolas Batum,PF,35,TOT,11,5,24.1,2,3.6,0.55,1.5,3.2,0.486,0.5,0.5,1,0.763,0.3,0.4,0.75,0.8,2.8,3.6,1.5,0.5,1,0.5,2.1,5.8
Nicolas Batum,PF,35,LAC,3,0,18,1,2.7,0.375,0.7,2.3,0.286,0.3,0.3,1,0.5,0,0,0,0,2.3,2.3,1.7,1,1.3,0.3,1.7,2.7
Nicolas Batum,PF,35,PHI,8,5,26.4,2.4,4,0.594,1.9,3.5,0.536,0.5,0.5,1,0.828,0.4,0.5,0.75,1.1,3,4.1,1.5,0.4,0.9,0.6,2.3,7
Bradley Beal,SG,30,PHO,3,3,28.7,6,15.3,0.391,1.7,5,0.333,4.3,10.3,0.419,0.446,3.7,5.3,0.688,1,4.3,5.3,3.7,0.7,0.3,3,3,17.3
Malik Beasley,SG,27,MIL,17,17,27.4,3.9,8,0.485,2.6,5.8,0.455,1.2,2.2,0.568,0.651,0.5,0.7,0.667,0.6,3.6,4.3,1.4,1,0.1,0.8,2.1,10.9
MarJon Beauchamp,SF,23,MIL,13,0,16.2,2.2,4.6,0.467,0.9,2.2,0.414,1.2,2.4,0.516,0.567,0.6,0.9,0.667,0.7,1.6,2.3,1,0.3,0.2,0.6,1.7,5.8
Dāvis Bertāns,PF,31,OKC,5,0,9.2,0.6,2.6,0.231,0.6,2.4,0.25,0,0.2,0,0.346,1.6,1.8,0.889,0,0.8,0.8,0.8,0.2,0.2,0,1,3.4
Patrick Beverley,PG,35,PHI,16,0,16.3,0.9,2.8,0.341,0.2,1.4,0.136,0.8,1.4,0.545,0.375,0.3,0.4,0.571,0.9,2,2.9,1.9,0.4,0.4,0.6,2,2.3
Saddiq Bey,SF,24,ATL,16,4,28.3,4.4,9.1,0.49,1.6,4.4,0.352,2.9,4.6,0.622,0.576,1.5,1.9,0.774,1.9,3.9,5.9,1.2,1,0.2,1.3,1.4,11.9
Goga Bitadze,C,24,ORL,15,12,19.7,2.7,4.7,0.577,0,0.2,0,2.7,4.5,0.603,0.577,1.6,2.3,0.706,2.2,3.9,6.1,1.7,0.9,1.5,0.6,2.5,7.1
Onuralp Bitim,SG,24,CHI,1,0,3,0,0,0,0,0,0,0,0,0,0,0,0,0,0,0,0,0,0,0,0,0,0
Bismack Biyombo,C,31,MEM,11,10,25.9,2.9,4.9,0.593,0,0,0,2.9,4.9,0.593,0.593,1.6,2.7,0.6,3.2,4.2,7.4,1.9,0.5,1,0.7,2.9,7.5
Anthony Black,PG,20,ORL,15,11,18.3,1.7,3.9,0.448,0.3,1.4,0.238,1.4,2.5,0.568,0.491,0.8,1.2,0.667,0.7,1.4,2.1,1.3,0.3,0.3,1.1,2.1,4.6
Leaky Black,SF,24,CHO,3,0,4,0.7,1.7,0.4,0.3,0.7,0.5,0.3,1,0.333,0.5,0,0,0,0,0.7,0.7,0.3,0,0.7,0,0.3,1.7
Bogdan Bogdanović,SG,31,ATL,16,1,26.1,5.8,12.3,0.467,3.1,8,0.391,2.6,4.3,0.609,0.594,1.2,1.3,0.905,0.4,2.6,3,2.5,1.4,0.4,1.4,2.4,15.8
Bol Bol,PF,24,PHO,3,0,2.3,0.3,0.3,1,0,0,0,0.3,0.3,1,1,0,0,0,0,0.3,0.3,0,0,0.3,0.7,0,0.7
Marques Bolden,C,25,MIL,1,0,3,0,0,0,0,0,0,0,0,0,0,0,0,0,0,2,2,0,0,0,0,1,0
Devin Booker,SG,27,PHO,9,9,34,9.9,19.9,0.497,2.2,5.1,0.435,7.7,14.8,0.519,0.553,7.4,8.1,0.918,1.1,4.3,5.4,8.9,0.8,0.6,3.1,3,29.4
Chris Boucher,PF,31,TOR,15,0,15.6,2.1,4.6,0.449,0.7,1.7,0.4,1.4,2.9,0.477,0.522,1.9,2.3,0.829,1.4,3.1,4.5,0.4,0.3,0.6,0.5,2.1,6.7
Jamaree Bouyea,PG,24,POR,6,0,9.5,0.8,3.5,0.238,0,1.3,0,0.8,2.2,0.385,0.238,0,0,0,0.3,1.3,1.7,1.3,0,0,1.3,0.5,1.7
Malaki Branham,SG,20,SAS,17,6,20.8,3.5,8.4,0.42,0.9,3.4,0.281,2.6,5.1,0.512,0.476,0.5,0.5,0.889,0.2,1,1.2,2.2,0.5,0.1,0.9,1.4,8.5
Christian Braun,SG,22,DEN,17,0,21.6,3.5,7.5,0.472,0.7,1.7,0.414,2.8,5.8,0.49,0.52,1.5,2.1,0.714,0.9,3.5,4.5,1.9,0.4,0.2,0.6,1.6,9.2
Mikal Bridges,SF,27,BRK,16,16,34.6,7.9,16.8,0.474,2.1,6.1,0.347,5.8,10.6,0.547,0.537,3.8,4.4,0.857,1.3,4.6,5.9,3.9,1.1,0.4,2.4,1.7,21.8
Miles Bridges,SF,25,CHO,5,3,36.8,7.4,14.6,0.507,1.8,4.8,0.375,5.6,9.8,0.571,0.568,4.6,5.6,0.821,1,7.8,8.8,2.8,1.4,0.4,2,1.6,21.2
Oshae Brissett,SF,25,BOS,8,0,11.3,0.4,2.1,0.176,0.1,1.1,0.111,0.3,1,0.25,0.206,0.9,1.5,0.583,1,1.6,2.6,0.4,0.5,0,0.3,1.1,1.8
Malcolm Brogdon,PG,31,POR,11,6,27.7,6.5,15.8,0.408,2.1,5.7,0.365,4.4,10.1,0.432,0.474,2.7,3.5,0.789,1.1,3.5,4.6,6.3,0.8,0.1,1.5,1.5,17.7
Armoni Brooks,PG,25,BRK,5,0,9,1.2,3.4,0.353,1,2.6,0.385,0.2,0.8,0.25,0.5,0,0,0,0.4,1.6,2,0,0,0,0.2,0.2,3.4
Dillon Brooks,SF,28,HOU,14,14,31.2,4.7,10,0.471,1.9,4,0.464,2.9,6,0.476,0.564,2.1,2.5,0.857,0.7,3.1,3.8,1.9,1.1,0.1,1.7,3.9,13.4
Bruce Brown,SG,27,IND,15,15,31.4,4.3,9.3,0.46,1.3,3.7,0.357,2.9,5.5,0.53,0.532,1.6,1.9,0.857,0.5,3.7,4.2,2.8,1.2,0.3,1.1,2.4,11.5
Jaylen Brown,SF,27,BOS,16,16,34.4,8.1,18.1,0.446,2.4,7.1,0.342,5.6,10.9,0.514,0.514,2.8,3.9,0.714,0.4,4.4,4.8,3.4,1.1,0.5,2.4,2.9,21.4
Kobe Brown,PF,24,LAC,7,0,8.1,1,2.3,0.438,0.4,1.3,0.333,0.6,1,0.571,0.531,0,0,0,0.4,1.1,1.6,0.3,0.1,0.1,0.1,1.1,2.4
Moses Brown,C,24,POR,3,0,4.7,1,1.7,0.6,0,0,0,1,1.7,0.6,0.6,0,0.7,0,1.3,0.3,1.7,0.3,0.3,0.3,0,0.3,2
Troy Brown Jr.,SF,24,MIN,12,0,10.4,0.8,2.6,0.323,0.3,1.6,0.211,0.5,1,0.5,0.387,1.1,1.2,0.929,0.8,1.9,2.8,0.6,0.3,0.1,0.3,0.5,3.1
Jalen Brunson,PG,27,NYK,16,16,35.3,8.9,19.3,0.461,3.2,6.8,0.472,5.7,12.5,0.455,0.544,3.9,4.8,0.829,0.6,2.9,3.6,5.1,0.9,0.1,2,2.1,24.9
Thomas Bryant,C,26,MIA,12,3,13.5,2.2,4.4,0.491,0,0.3,0,2.2,4.2,0.52,0.491,1,1.3,0.8,1,2.8,3.8,0.6,0.5,0.3,1,1.3,5.3
Kobe Bufkin,SG,20,ATL,2,0,2,0,1.5,0,0,0.5,0,0,1,0,0,0.5,1,0.5,0.5,0.5,1,0,0,0,0,0,0.5
Reggie Bullock,SF,32,HOU,7,0,9.1,0.3,1.6,0.182,0.3,1.4,0.2,0,0.1,0,0.273,0,0,0,0.1,1.6,1.7,0.4,0.1,0.1,0.3,0.6,0.9
Alec Burks,SG,32,DET,10,0,22.3,3.4,9.2,0.37,2.5,6,0.417,0.9,3.2,0.281,0.505,3.2,3.8,0.842,0.6,2.4,3,2.3,0.5,0.4,0.5,1.9,12.5
Jared Butler,SG,23,WAS,5,0,5.8,1.2,2.4,0.5,0.6,1.4,0.429,0.6,1,0.6,0.625,0.2,0.2,1,0,0.4,0.4,1.2,0.4,0.2,0.6,0.8,3.2
Jimmy Butler,PF,34,MIA,14,14,33.3,6.4,13.9,0.462,1.2,2.9,0.415,5.2,11,0.474,0.505,6.6,7.6,0.877,1.9,3.1,5,4,1.4,0.6,1.7,0.8,20.7
Jamal Cain,PF,24,MIA,4,0,14.8,1.8,3.8,0.467,0.3,1.8,0.143,1.5,2,0.75,0.5,0,0.3,0,0.8,1.5,2.3,0,1,0,0.5,0.8,3.8
Kentavious Caldwell-Pope,SG,30,DEN,17,17,34,3.8,8.2,0.464,1.6,4,0.412,2.2,4.2,0.514,0.564,1.8,1.9,0.939,0.5,1.5,1.9,2.6,1.6,0.5,1.4,2.4,11.1
Toumani Camara,PF,23,POR,16,7,25.1,2.1,5.5,0.386,0.8,2.6,0.286,1.4,2.9,0.478,0.455,1.1,1.6,0.72,1.8,2.6,4.4,1.2,0.8,0.6,1.2,2.6,6.1
Clint Capela,C,29,ATL,16,16,24.4,4.4,7.6,0.587,0,0,0,4.4,7.6,0.587,0.587,1.5,2.6,0.571,4.3,5.5,9.8,0.9,0.7,1.6,0.6,2.1,10.4
Jevon Carter,PG,28,CHI,18,0,14.2,1.9,5.3,0.368,1.3,3.6,0.369,0.6,1.7,0.367,0.495,0,0.1,0,0.1,0.4,0.5,1.1,0.4,0.3,0.7,1.2,5.2
Wendell Carter Jr.,C,24,ORL,5,5,29.4,3.4,9,0.378,1,3.2,0.313,2.4,5.8,0.414,0.433,1.6,2.8,0.571,2.2,6.4,8.6,1.6,0.6,0.4,1.6,2.8,9.4
Alex Caruso,SG,29,CHI,15,5,24,3.4,6,0.567,1.6,3.3,0.48,1.8,2.7,0.675,0.7,1.4,1.8,0.778,1.3,2.3,3.6,2.2,1.3,0.8,1,2.4,9.8
Colin Castleton,C,23,LAL,2,0,9.5,1,2,0.5,0,0,0,1,2,0.5,0.5,0,0,0,1,0.5,1.5,1,0,0,0,2.5,2
Malcolm Cazalon,SG,22,DET,1,0,3,0,0,0,0,0,0,0,0,0,0,0,0,0,0,0,0,0,0,0,0,0,0
Julian Champagnie,SF,22,SAS,10,4,15.2,1.8,5.8,0.31,1.2,3.8,0.316,0.6,2,0.3,0.414,0.7,1,0.7,0.3,1.3,1.6,1,0.6,0.9,0.9,0.6,5.5
Max Christie,SG,20,LAL,12,2,16.3,1.7,4.3,0.385,0.5,2,0.25,1.2,2.3,0.5,0.442,0.3,0.4,0.8,0.3,2.7,2.9,1,0.3,0.2,0.7,1.2,4.2
Sidy Cissoko,SF,19,SAS,1,0,4,0,0,0,0,0,0,0,0,0,0,0,0,0,0,0,0,0,0,0,1,0,0
Jordan Clarkson,SG,31,UTA,15,15,31.9,6.8,16,0.425,1.8,5.6,0.321,5,10.4,0.481,0.481,2.9,3.5,0.827,1.3,1.9,3.3,4.6,0.9,0.1,3.3,1.5,18.3
Nic Claxton,C,24,BRK,7,7,26.6,5.4,8.1,0.667,0,0,0,5.4,8.1,0.667,0.667,1.4,2.3,0.625,2.9,5.4,8.3,1.7,0.7,2.7,0.9,2.7,12.3
Noah Clowney,PF,19,BRK,1,0,3,0,0,0,0,0,0,0,0,0,0,0,0,0,0,1,1,0,0,0,0,0,0
Amir Coffey,SF,26,LAC,8,0,7,0.5,1.5,0.333,0,0.4,0,0.5,1.1,0.444,0.333,0.5,0.5,1,0.3,0.6,0.9,0.4,0.1,0,0.3,0.4,1.5
John Collins,PF,26,UTA,16,16,31.4,5.6,11.1,0.5,1.4,3.4,0.418,4.1,7.7,0.537,0.565,2,2.8,0.727,2.9,5.8,8.8,0.9,0.6,0.9,1.2,3.1,14.6
Zach Collins,C,26,SAS,17,17,29.2,5.4,10.8,0.503,1.1,4.1,0.271,4.3,6.6,0.646,0.555,2.2,2.8,0.787,2,4.3,6.3,3.8,0.7,0.8,2.8,3.6,14.1
Mike Conley,PG,36,MIN,16,16,28.7,3.7,7.8,0.476,2.1,4.6,0.459,1.6,3.1,0.5,0.613,0.9,0.9,1,0.6,2.3,2.8,5.8,0.9,0.1,0.9,1.8,10.4
Pat Connaughton,SF,31,MIL,17,0,23.6,2.1,5,0.412,1.1,3.3,0.339,0.9,1.7,0.552,0.524,0.5,0.7,0.667,0.7,2.9,3.6,2.1,0.5,0.2,0.8,1.1,5.7
Bilal Coulibaly,SF,19,WAS,15,1,26,3.1,6,0.511,1.3,2.9,0.442,1.8,3.1,0.574,0.617,0.9,1.4,0.619,0.4,3.2,3.6,1.9,0.9,0.8,1.3,2,8.3
Robert Covington,SF-PF,33,TOT,16,6,17.4,1.6,3.8,0.433,0.6,2.1,0.294,1,1.6,0.615,0.517,0.7,0.9,0.786,1.1,2,3.1,0.9,1.5,0.8,0.3,1.9,4.6
Robert Covington,PF,33,LAC,3,3,23,1,3,0.333,0.7,2.7,0.25,0.3,0.3,1,0.444,0.3,0.7,0.5,0.7,2,2.7,2.3,2,0.7,0,2.3,3
Robert Covington,SF,33,PHI,13,3,16.1,1.8,3.9,0.451,0.6,2,0.308,1.2,1.9,0.6,0.529,0.8,0.9,0.833,1.2,2,3.2,0.5,1.4,0.8,0.3,1.8,4.9
Torrey Craig,SF,33,CHI,18,7,21.7,1.8,4.6,0.386,0.6,2.3,0.268,1.2,2.3,0.5,0.452,0.6,0.6,0.909,1.7,3.2,4.9,1.1,0.6,0.3,0.6,2.4,4.7
Jae Crowder,PF,33,MIL,9,2,26.7,2.8,5.2,0.532,1.8,3.4,0.516,1,1.8,0.563,0.702,0.8,1.3,0.583,0.4,3.4,3.9,1.7,0.8,0.3,0.4,1.6,8.1
Cade Cunningham,PG,22,DET,16,16,35.7,8.1,20,0.403,1.9,5.9,0.33,6.1,14.1,0.434,0.452,3.9,4.4,0.887,0.6,3.1,3.6,7.1,0.8,0.3,4.8,3,22
Seth Curry,SG,33,DAL,12,0,9.1,1.1,2.8,0.394,0.4,1.6,0.263,0.7,1.2,0.571,0.47,0.5,0.6,0.857,0.3,0.8,1.1,0.7,0.5,0.1,0.3,0.7,3.1
Stephen Curry,PG,35,GSW,15,15,33,9.2,19,0.484,5.3,12.1,0.442,3.9,6.9,0.558,0.625,6,6.4,0.938,0.7,3.9,4.6,3.9,0.8,0.1,3.7,1.7,29.7
Dyson Daniels,PG,20,NOP,17,10,28.4,3.2,7.7,0.42,0.9,3.2,0.273,2.4,4.5,0.526,0.477,0.9,1.4,0.625,1.2,4,5.2,3.8,1.6,0.4,1.5,1.9,8.2
Anthony Davis,C,30,LAL,16,16,35.4,8.4,15.4,0.549,0.2,0.6,0.3,8.3,14.8,0.559,0.555,5.1,5.9,0.862,3.3,8.9,12.1,3.4,1.1,2.9,2.4,3.1,22.1
Johnny Davis,SG,21,WAS,11,0,9.5,1.6,3.2,0.514,0.1,0.3,0.333,1.5,2.9,0.531,0.529,0.4,0.5,0.8,0.5,1,1.5,0.5,0.5,0.1,0.4,0.7,3.7
DeMar DeRozan,SF,34,CHI,17,17,35.7,7.5,16.8,0.448,0.9,2.4,0.366,6.6,14.4,0.461,0.474,5.5,6.9,0.803,1,2.3,3.3,4.5,1.1,0.9,1.1,2.1,21.5
Moussa Diabaté,C,22,LAC,8,0,6.8,1.1,2.3,0.5,0,0,0,1.1,2.3,0.5,0.5,0.9,1.3,0.7,1.8,0.6,2.4,0.5,0.5,0,0.3,0.5,3.1
Gradey Dick,SG,20,TOR,15,1,14.7,1.1,4.2,0.27,0.7,2.7,0.244,0.5,1.5,0.318,0.349,0.9,0.9,1,0.5,1,1.5,1,0.3,0,0.8,1.5,3.9
Ousmane Dieng,PF,20,OKC,11,0,11,1.2,3.3,0.361,0.6,2.4,0.269,0.5,0.9,0.6,0.458,0.3,0.4,0.75,0.5,1.4,1.9,1,0.1,0,0.4,0.6,3.3
Spencer Dinwiddie,PG,30,BRK,15,15,30.5,4.5,10.8,0.414,2.3,6.3,0.368,2.1,4.5,0.478,0.522,2.8,3.7,0.764,0.5,3.1,3.7,6.3,0.5,0.1,1.7,1.7,14.1
Donte DiVincenzo,SG,27,NYK,16,2,20.3,2.9,7.2,0.409,1.9,4.8,0.395,1.1,2.4,0.436,0.539,0.7,1.1,0.647,0.9,2.1,3,1.8,1.1,0.3,1.2,1.6,8.4
Luka Dončić,PG,24,DAL,16,16,35.1,10.5,21.6,0.487,3.8,9.7,0.394,6.7,11.9,0.563,0.575,5.7,7.4,0.765,0.6,7.3,7.9,7.8,1.3,0.4,3.9,1.8,30.5
Luguentz Dort,SF,24,OKC,16,16,28.3,3.5,7.6,0.459,1.8,4.3,0.426,1.7,3.4,0.5,0.578,1.9,2.4,0.789,1.1,2.9,3.9,1.1,1,0.9,1,2.9,10.7
Ayo Dosunmu,SG,24,CHI,16,0,14.9,1.9,4.1,0.477,0.8,2,0.375,1.2,2.1,0.576,0.569,0.6,0.8,0.833,0.5,1.1,1.6,1.3,0.4,0.1,0.6,1.4,5.3
Andre Drummond,C,30,CHI,18,0,13.1,2.3,4.3,0.532,0,0.1,0,2.3,4.2,0.539,0.532,1,1.6,0.643,2.4,3.6,6,0.6,1.1,0.3,1.1,1.7,5.6
Chris Duarte,SF,26,SAC,15,3,15.3,1.5,4.1,0.377,0.9,2.6,0.359,0.6,1.5,0.409,0.492,0.5,0.7,0.727,0.2,1.9,2.1,1.1,0.7,0.1,0.7,2.9,4.5
Kris Dunn,PG,29,UTA,13,1,10.3,1.5,3.4,0.432,0.3,0.7,0.444,1.2,2.7,0.429,0.477,0.4,0.6,0.625,0.3,1.5,1.8,1.9,0.5,0.1,1.2,1.3,3.6
Kevin Durant,PF,35,PHO,15,15,36.9,10.7,20.1,0.533,2.3,4.5,0.522,8.4,15.7,0.536,0.591,7.6,8.5,0.891,0.3,6.7,7.1,5.5,0.7,1.2,4,1.9,31.4
Jalen Duren,C,20,DET,9,8,28.8,5.7,9.3,0.607,0,0.2,0,5.7,9.1,0.622,0.607,1.3,1.8,0.75,3.6,7.3,10.9,3.2,0.7,1.1,2.7,3.7,12.7
Tari Eason,PF,22,HOU,7,0,17.3,2.9,6.1,0.465,0.9,2,0.429,2,4.1,0.483,0.535,0,0.3,0,1.4,4.3,5.7,1,0.6,1,0.6,2,6.6
Anthony Edwards,SG,22,MIN,16,16,35.6,9.4,20.1,0.466,2.5,6.8,0.37,6.9,13.4,0.514,0.528,5.3,6.1,0.876,0.8,5.1,5.9,5.3,1.4,0.4,3.3,1.9,26.6
Kessler Edwards,SF,23,SAC,12,0,6.6,0.5,1.6,0.316,0.3,1,0.333,0.2,0.6,0.286,0.421,0.1,0.2,0.5,0.2,0.8,1,0.4,0.2,0.2,0.1,0.7,1.4
Keon Ellis,SG,24,SAC,9,2,12.1,1.1,2.9,0.385,0.6,2.2,0.25,0.6,0.7,0.833,0.481,0.7,1.2,0.545,0.4,1.3,1.8,0.9,0.7,0.4,0.7,1.1,3.4
Joel Embiid,C,29,PHI,15,15,34.7,10.4,21.1,0.494,1,3.4,0.294,9.4,17.7,0.532,0.517,10.3,11.7,0.881,3.2,8.1,11.3,6.3,1,1.9,3.7,3.1,32.1
Drew Eubanks,C,26,PHO,16,0,18.1,2.9,4.6,0.622,0.1,0.1,1,2.8,4.5,0.611,0.635,1.4,1.8,0.821,1.6,3,4.6,1.6,0.2,1.1,1.2,2.2,7.3
Dante Exum,PG,28,DAL,15,0,10.3,1.9,3.9,0.492,0.2,1,0.2,1.7,2.9,0.591,0.517,0.3,0.5,0.571,0.5,1.9,2.3,1.4,0.3,0.1,0.2,1.1,4.3
Bruno Fernando,C,25,ATL,4,0,3,0.5,0.8,0.667,0,0.3,0,0.5,0.5,1,0.667,0.3,0.3,1,0.3,0,0.3,0,0,0,0.8,0.5,1.3
Dorian Finney-Smith,PF,30,BRK,16,15,31.3,4.2,8.9,0.472,2.8,6.1,0.449,1.4,2.8,0.523,0.627,0.1,0.2,0.333,1.8,3.4,5.3,1.4,0.4,0.6,1,2.4,11.2
Malachi Flynn,PG,25,TOR,17,0,17.1,2.1,4.8,0.439,1,2.7,0.37,1.1,2.1,0.528,0.543,0.6,0.8,0.714,0.5,1.6,2.1,2.2,0.8,0.2,1.1,1.5,5.8
Simone Fontecchio,SF,28,UTA,14,1,14.1,2.1,4.5,0.476,1.4,3.3,0.413,0.8,1.2,0.647,0.627,0.1,0.1,1,0.7,1.2,1.9,0.4,0.2,0.4,1,1.1,5.8
Jordan Ford,PG,25,SAC,4,0,3,0.5,1.3,0.4,0.3,0.5,0.5,0.3,0.8,0.333,0.5,0.5,0.5,1,0,0.3,0.3,0.3,0,0,0,0,1.8
Trent Forrest,SG,25,ATL,3,0,9,0.3,1,0.333,0,0,0,0.3,1,0.333,0.333,0.7,0.7,1,0.3,0,0.3,2.3,0,0,0.3,0.7,1.3
Evan Fournier,SG,31,NYK,1,0,16,1,6,0.167,0,4,0,1,2,0.5,0.167,0,0,0,0,1,1,1,1,0,0,2,2
De'Aaron Fox,PG,26,SAC,10,10,35.6,10.7,22.3,0.48,3.2,8.6,0.372,7.5,13.7,0.547,0.552,5.3,7,0.757,1,3.3,4.3,6,1.6,0.3,1.9,2.9,29.9
Alex Fudge,SF,20,LAL,1,0,4,0,1,0,0,0,0,0,1,0,0,0,0,0,0,0,0,0,0,0,0,0,0
Markelle Fultz,PG,25,ORL,5,5,28.6,5.4,11.2,0.482,0,0.6,0,5.4,10.6,0.509,0.482,0.6,0.8,0.75,1.6,1.8,3.4,4,1.2,0.4,1.2,1.2,11.4
Daniel Gafford,C,25,WAS,14,14,24.7,4.1,6,0.69,0,0,0,4.1,6,0.69,0.69,1.4,2.1,0.633,2.6,4.9,7.6,1.3,0.6,1.9,1.2,3.4,9.6
Danilo Gallinari,PF,35,WAS,14,0,15.4,2.6,5.7,0.463,0.7,2.4,0.294,1.9,3.3,0.587,0.525,1.6,2.1,0.793,0.6,2.6,3.2,1.6,0.2,0.2,0.4,0.9,7.6
Darius Garland,PG,24,CLE,12,12,32.7,6.9,14.3,0.485,1.5,4.3,0.346,5.4,9.9,0.546,0.538,4.1,4.9,0.831,0.5,2.2,2.7,5.7,1.4,0.3,4.3,1.8,19.4
Luka Garza,C,25,MIN,4,0,3.3,1,2.5,0.4,0,0.5,0,1,2,0.5,0.4,1.3,2,0.625,0.8,0.8,1.5,0,0,0,0.3,0.8,3.3
Kaiser Gates,SF,27,NOP,1,0,7,0,4,0,0,2,0,0,2,0,0,0,0,0,0,1,1,0,0,0,0,0,0
Keyonte George,PG,20,UTA,16,8,24.9,2.9,8.4,0.351,1.6,4.8,0.325,1.4,3.6,0.386,0.444,1.9,2.4,0.816,0.4,2.5,2.9,5.3,0.5,0.1,2.1,1.3,9.4
Paul George,PF,33,LAC,15,15,34.9,8.7,18.6,0.466,3.3,8.6,0.388,5.3,10,0.533,0.556,4.7,5.1,0.934,0.6,5.6,6.2,3.6,1.9,0.1,2.7,2.7,25.4
Josh Giddey,SG,21,OKC,16,16,27.1,5.3,12.3,0.429,0.6,1.9,0.3,4.7,10.4,0.452,0.452,1.1,1.3,0.81,1.4,4.4,5.8,4.8,0.8,0.6,2.7,1.3,12.1
Harry Giles,C,25,BRK,2,0,6,2.5,3,0.833,0.5,1,0.5,2,2,1,0.917,0.5,0.5,1,0,1,1,0,0,0,0.5,1,6
Shai Gilgeous-Alexander,PG,25,OKC,15,15,34.3,11.1,20.7,0.534,1.3,3.7,0.364,9.7,17.1,0.57,0.566,6.9,7.4,0.937,0.9,5.3,6.1,6.2,2.3,0.9,2.3,2.3,30.4
Anthony Gill,PF,31,WAS,9,0,6.9,1.1,2.1,0.526,0,0.2,0,1.1,1.9,0.588,0.526,1.1,1.3,0.833,0.4,0.9,1.3,0.6,0.3,0.3,0.8,0.6,3.3
Collin Gillespie,PG,24,DEN,9,0,8.7,0.9,2,0.444,0.3,1.2,0.273,0.6,0.8,0.714,0.528,0.1,0.1,1,0,0.3,0.3,0.9,0.6,0,0.3,1,2.2
Jacob Gilyard,PG,25,MEM,13,7,17.6,1.5,3.4,0.432,1.2,3,0.41,0.2,0.4,0.6,0.614,0.1,0.1,1,0.5,0.9,1.4,3.3,0.7,0.1,0.6,1.2,4.2
Rudy Gobert,C,31,MIN,16,16,31.8,4.5,7.7,0.585,0,0,0,4.5,7.7,0.585,0.585,3.1,5.3,0.588,3.6,7.6,11.3,1.3,0.6,2.2,1.8,2.9,12.1
Jordan Goodwin,PG,25,PHO,17,0,16.4,2.3,5.9,0.386,1.1,2.9,0.36,1.2,3,0.412,0.475,0.6,0.8,0.786,0.9,2.5,3.5,2.1,0.9,0.4,0.7,1.1,6.3
Aaron Gordon,PF,28,DEN,16,16,33.9,5.5,11.3,0.486,0.5,2.3,0.222,5,9.1,0.552,0.508,1.6,3.1,0.52,2.6,4.6,7.2,3.8,1.1,0.9,1.8,1.9,13.1
Eric Gordon,SG,35,PHO,16,12,31.4,5.7,12.1,0.469,2.9,7.1,0.404,2.8,5,0.563,0.588,0.7,0.9,0.786,0.4,1.8,2.1,3.1,1,0.6,1.5,1.5,14.9
Devonte' Graham,PG,28,SAS,3,0,12,0.7,2.3,0.286,0,1.3,0,0.7,1,0.667,0.286,1.3,1.7,0.8,0.3,0.3,0.7,3.7,0.7,0.3,0.7,0.7,2.7
Jerami Grant,PF,29,POR,16,16,35.8,7.6,17.4,0.437,2.7,6.6,0.41,4.9,10.9,0.454,0.514,4.8,6,0.802,0.8,3.1,3.8,2.3,0.9,0.8,2.5,2.2,22.8
A.J. Green,SG,24,MIL,10,0,7.9,1.1,2.9,0.379,0.8,2.5,0.32,0.3,0.4,0.75,0.517,0.1,0.1,1,0.1,0.7,0.8,0.8,0,0,0,0.7,3.1
Danny Green,SG,36,PHI,2,0,9,0,1,0,0,0.5,0,0,0.5,0,0,0,0,0,0,1,1,0.5,0.5,0,0,0.5,0
Draymond Green,PF,33,GSW,9,9,22.2,3,6.2,0.482,1,2.2,0.45,2,4,0.5,0.563,1.8,2,0.889,1.4,3.7,5.1,5.7,0.7,0.6,1.8,2.4,8.8
Jalen Green,SG,21,HOU,14,14,31.6,6.5,15.4,0.421,2.1,6.1,0.337,4.4,9.3,0.477,0.488,4.6,5.8,0.79,0.4,4.1,4.4,2.9,0.7,0.4,2.3,1.5,19.6
Jeff Green,PF,37,HOU,14,0,14.4,2,3.8,0.528,0.4,1.3,0.278,1.6,2.5,0.657,0.575,1.6,2.1,0.759,0.9,1.6,2.5,0.5,0.1,0.4,0.4,0.9,5.9
Josh Green,SG,23,DAL,16,3,24.6,2.5,5.9,0.421,1.3,3.7,0.356,1.2,2.3,0.528,0.532,0.5,1,0.5,0.6,2.1,2.7,2.3,0.9,0.1,0.8,1.7,6.8
AJ Griffin,SF,20,ATL,10,0,8.6,1,2.5,0.4,0.8,2,0.4,0.2,0.5,0.4,0.56,0.2,0.2,1,0.1,0.8,0.9,0.3,0.1,0,0.4,0.4,3
Quentin Grimes,SG,23,NYK,14,14,24.1,2.4,6.4,0.378,1.9,5.4,0.36,0.5,1.1,0.467,0.528,0,0.1,0,0.1,1.2,1.4,1.3,0.8,0,0.6,1.9,6.8
Mouhamed Gueye,PF,21,ATL,2,0,2,0,0.5,0,0,0.5,0,0,0,0,0,0,0,0,0,0,0,0,0.5,0,0,0.5,0
Rui Hachimura,PF,25,LAL,12,1,23.3,4.3,8.6,0.505,1.3,2.9,0.429,3.1,5.7,0.544,0.578,1.8,2.3,0.786,1,2.8,3.8,1,0.9,0.3,1,1.5,11.8
Tyrese Haliburton,PG,23,IND,14,14,33.4,8.7,17.1,0.508,3.9,8.5,0.454,4.9,8.6,0.562,0.621,4.1,4.4,0.919,0.5,3.4,3.9,12.1,1,0.7,2.5,1.1,25.4
R.J. Hampton,PG,22,MIA,1,0,2,0,1,0,0,0,0,0,1,0,0,0,0,0,0,0,0,0,0,0,0,0,0
Tim Hardaway Jr.,SF,31,DAL,16,0,27.9,5.8,13.7,0.425,3.4,8.9,0.385,2.4,4.8,0.5,0.55,2.1,2.3,0.892,0.3,3.2,3.5,1.7,0.3,0,0.9,0.9,17.1
James Harden,SG,34,LAC,10,10,32.4,4.3,9.7,0.443,1.9,5.5,0.345,2.4,4.2,0.571,0.541,3.9,4.7,0.83,0.4,4.5,4.9,6.4,1.4,0.6,2.3,1.5,14.4
Jaden Hardy,SG,21,DAL,13,0,10.9,2.2,5.8,0.387,0.8,2.5,0.303,1.5,3.2,0.452,0.453,1.3,1.8,0.739,0.3,1.2,1.5,1.1,0.3,0,0.6,0.8,6.5
Ron Harper Jr.,PF,23,TOR,1,0,4,0,0,0,0,0,0,0,0,0,0,0,0,0,0,0,0,1,0,0,0,2,0
Gary Harris,SG,29,ORL,12,2,20.8,2.8,5.8,0.493,1.8,4.2,0.42,1.1,1.6,0.684,0.645,0.8,1,0.75,0.7,1.3,2,1.8,0.9,0.3,0.5,1.2,8.2
Joe Harris,SG,32,DET,7,0,14,1.3,3.6,0.36,0.9,2.7,0.316,0.4,0.9,0.5,0.48,0,0,0,0.3,0.7,1,0.9,0.3,0,0.4,1.7,3.4
Tobias Harris,PF,31,PHI,16,16,36.2,7.3,13.4,0.542,1.2,3.4,0.345,6.1,9.9,0.61,0.586,3.6,3.9,0.905,0.9,5.4,6.3,2.9,0.9,0.4,1.7,1.7,19.3
Shaquille Harrison,SG,30,MEM,2,0,2,0.5,1,0.5,0,0,0,0.5,1,0.5,0.5,0,0,0,0,0.5,0.5,0,0,0.5,0,0,1
Josh Hart,SF,28,NYK,16,5,28.3,2.9,6.8,0.422,0.9,3.1,0.286,2,3.8,0.533,0.486,0.5,0.6,0.8,1,5.1,6.1,2.7,0.9,0.3,0.9,1.6,7.1
Isaiah Hartenstein,C,25,NYK,16,0,17.3,2.3,4.1,0.561,0.1,0.2,0.333,2.3,3.9,0.571,0.568,1.1,1.7,0.667,2.4,2.4,4.8,0.9,1,0.5,0.8,2.8,5.8
Sam Hauser,SF,26,BOS,17,2,22.9,3.4,6.9,0.487,2.8,6.2,0.448,0.6,0.7,0.833,0.688,0.2,0.2,1,0.6,2.4,3,0.8,0.5,0.4,0.4,1.5,9.7
Jordan Hawkins,SG,21,NOP,17,9,29.1,4.4,11.2,0.393,2.8,7.6,0.364,1.6,3.6,0.452,0.516,1.8,2.1,0.861,0.8,3.2,4,2.1,0.6,0,1.1,2.1,13.4
Jaxson Hayes,C,23,LAL,15,0,11,1.3,1.7,0.76,0,0,0,1.3,1.7,0.76,0.76,0.7,1.3,0.55,0.3,1.3,1.7,0.4,0.3,0.5,0.7,1.8,3.3
Killian Hayes,PG,22,DET,15,13,27.5,3.5,8.9,0.396,0.9,3.1,0.304,2.6,5.9,0.443,0.448,1.2,1.6,0.75,0.3,2.4,2.7,4.3,1.2,0.5,0.9,2.1,9.2
Gordon Hayward,SF,33,CHO,14,14,32.6,5.3,12.7,0.416,0.9,2.5,0.343,4.4,10.2,0.434,0.449,2.5,3.5,0.714,1,4.2,5.2,4.5,1.3,0.6,1.8,2,13.9
Scoot Henderson,PG,19,POR,7,5,26.6,3.4,9.9,0.348,0.7,4,0.179,2.7,5.9,0.463,0.384,1,1.3,0.778,0.7,1.9,2.6,4.4,0.4,0.1,3.6,4.1,8.6
Taylor Hendricks,PF,20,UTA,1,0,2,0,0,0,0,0,0,0,0,0,0,1,2,0.5,0,1,1,0,0,0,0,0,1
Tyler Herro,SG,24,MIA,8,8,34,8.5,19,0.447,3.1,7.6,0.41,5.4,11.4,0.473,0.53,2.8,3.1,0.88,0.4,4.6,5,4.6,1.4,0,2.5,1.6,22.9
Buddy Hield,SF,31,IND,15,3,24.5,5.2,11,0.473,3.3,7.6,0.43,1.9,3.4,0.569,0.621,0.3,0.3,0.8,0.5,2.5,3,2.6,0.6,0.5,1.5,1.7,13.9
Haywood Highsmith,PF,27,MIA,13,12,24.3,2.6,6.1,0.43,1.2,3.6,0.34,1.4,2.5,0.563,0.532,0.8,1,0.846,0.7,2.4,3.1,1.7,1.3,0.8,1,2.1,7.3
Nate Hinton,SG,24,HOU,2,0,4,1,2,0.5,1,1,1,0,1,0,0.75,0,0,0,0,0,0,0,0,0,0,0.5,3
D'Moi Hodge,SG,25,LAL,3,0,5.3,0.3,1.7,0.2,0,1.3,0,0.3,0.3,1,0.2,0.3,0.7,0.5,0,0,0,0.3,0,0.3,0.3,0.7,1
Aaron Holiday,PG,27,HOU,12,0,16.8,2.2,4.6,0.473,0.9,2.3,0.393,1.3,2.3,0.556,0.573,0.4,0.5,0.833,0.1,1.5,1.6,1.6,0.7,0.1,0.4,1.8,5.7
Jrue Holiday,PG,33,BOS,15,15,34.6,4.7,11.3,0.42,1.5,4.5,0.338,3.2,6.7,0.475,0.488,1.3,1.6,0.792,2,5.4,7.4,4.9,0.6,1,2.1,1.6,12.3
Justin Holiday,SG,34,DEN,7,1,10.9,1,2,0.5,0.9,1.9,0.462,0.1,0.1,1,0.714,0,0,0,0,1,1,0.7,0.3,0,0,1,2.9
Richaun Holmes,C,30,DAL,7,1,10.7,1.3,2.7,0.474,0,0,0,1.3,2.7,0.474,0.474,0.4,1.1,0.375,1.7,2.3,4,0.4,0,0.4,0.4,1.7,3
Chet Holmgren,C,21,OKC,16,16,29.9,6.3,11.2,0.564,1.8,4,0.438,4.6,7.2,0.635,0.642,3.7,4.2,0.881,1.7,6.3,8,2.5,0.9,2.3,2.1,2.9,18.1
Al Horford,C,37,BOS,15,5,25.6,2.5,5.7,0.43,1.1,3.6,0.315,1.3,2.1,0.625,0.529,0.2,0.2,1,1.7,4.8,6.5,2.5,0.4,0.9,0.8,1.7,6.3
Talen Horton-Tucker,PG,23,UTA,16,8,22.7,3.6,9.2,0.388,1.2,3.9,0.306,2.4,5.3,0.447,0.452,1.3,1.5,0.875,0.6,2.4,3,4.6,0.9,0.5,2.2,2.4,9.6
Danuel House Jr.,SF,30,PHI,10,0,12.7,1.3,3.1,0.419,0.4,1.6,0.25,0.9,1.5,0.6,0.484,0.8,1,0.8,0.4,1,1.4,0.8,0.5,0.1,0.9,1,3.8
Caleb Houstan,SF,21,ORL,10,0,6.9,0.7,1.5,0.467,0.6,1.4,0.429,0.1,0.1,1,0.667,0.4,0.4,1,0.2,0.8,1,0.4,0.2,0,0.2,0.5,2.4
Jett Howard,SF,20,ORL,5,0,4.6,0.2,2,0.1,0,1.6,0,0.2,0.4,0.5,0.1,0,0,0,0.2,0.2,0.4,0.4,0,0,0.4,0,0.4
Kevin Huerter,SG,25,SAC,14,14,27.4,4.6,10.8,0.43,2.5,6.9,0.365,2.1,3.9,0.545,0.546,0.9,1,0.857,0.6,3.7,4.3,2.9,0.9,0.4,0.8,2.2,12.6
Jay Huff,C,25,DEN,1,0,2,1,1,1,0,0,0,1,1,1,1,0,0,0,0,0,0,0,0,0,0,0,2
De'Andre Hunter,SF,26,ATL,16,16,30.7,4.9,10.6,0.465,1.9,5,0.375,3.1,5.6,0.544,0.553,2.6,3.1,0.857,0.8,3.4,4.2,1.3,0.9,0.4,1.5,3.1,14.4
Bones Hyland,PG,23,LAC,10,2,19.6,3.7,8.7,0.425,1.7,4.7,0.362,2,4,0.5,0.523,0.9,1,0.9,0.2,1.2,1.4,2.4,0.6,0,1.9,2.1,10
Joe Ingles,SF,36,ORL,17,0,18.6,1.4,3.6,0.377,0.9,2.5,0.357,0.5,1.1,0.421,0.5,0.4,0.5,0.875,0.5,2.1,2.5,3.2,0.9,0.1,0.9,1.5,4
Brandon Ingram,SF,26,NOP,14,14,33.7,9.9,19.6,0.502,1.4,4.7,0.303,8.4,14.9,0.565,0.538,3.4,4.5,0.762,0.6,4.6,5.3,5.1,0.6,0.1,2.7,2.1,24.6
Kyrie Irving,SG,31,DAL,13,13,33,9.2,19.3,0.478,2.8,7.2,0.398,6.4,12.2,0.525,0.552,3.1,3.5,0.889,0.7,3.5,4.2,5.5,1.2,0.3,1.6,1.9,24.4
Jonathan Isaac,PF,26,ORL,14,0,13.9,2.2,5.1,0.437,0.6,2.4,0.235,1.6,2.6,0.622,0.493,1.6,2,0.786,1.2,3.2,4.4,0.4,0.9,1.3,0.7,1.4,6.6
Jaden Ivey,SG,21,DET,12,3,23,4.6,8.7,0.529,1.1,3.3,0.325,3.5,5.3,0.656,0.591,2.3,2.9,0.771,0.9,1.7,2.6,2.9,0.8,0.3,2.3,2.5,12.5
Andre Jackson Jr.,SG,22,MIL,13,3,8.8,0.8,1.3,0.588,0.3,0.6,0.5,0.5,0.7,0.667,0.706,0,0,0,0.6,0.8,1.4,0.8,0.2,0,0.5,1.7,1.8
Gregory Jackson II,PF,19,MEM,3,0,2.3,0,1.3,0,0,0.7,0,0,0.7,0,0,0,0,0,0.3,0.7,1,0,0.3,0,0.3,0,0
Isaiah Jackson,C,22,IND,8,0,14.5,1.9,3.6,0.517,0,0.1,0,1.9,3.5,0.536,0.517,1.8,2.6,0.667,1.9,2.6,4.5,0.9,0.5,2.1,0.5,3.3,5.5
Jaren Jackson Jr.,C,24,MEM,16,16,31.3,6.4,15.5,0.411,1.5,5.1,0.296,4.9,10.4,0.467,0.46,5.2,6.4,0.814,1.8,4.3,6.1,1.9,0.6,1.6,1.9,3.4,19.4
Reggie Jackson,PG,33,DEN,17,10,25.8,4.6,9.8,0.47,1.5,3.8,0.385,3.1,5.9,0.525,0.545,0.9,1.3,0.682,0.4,2,2.4,4,0.8,0.4,1.8,1.8,11.5
Trayce Jackson-Davis,PF,23,GSW,13,0,7.8,0.9,1.7,0.545,0,0,0,0.9,1.7,0.545,0.545,1.2,1.9,0.6,0.8,0.9,1.8,0.5,0.2,0.5,0.5,1.4,3
LeBron James,PF,39,LAL,16,16,33.9,9.5,17,0.559,2.3,6,0.385,7.2,11,0.653,0.627,4.2,6.1,0.691,0.8,7.3,8,6.6,1.5,0.8,3.8,1.3,25.5
Jaime Jaquez Jr.,SF,22,MIA,17,4,25.8,4.5,8.9,0.507,1.3,3.2,0.4,3.2,5.7,0.567,0.579,0.8,1,0.824,1.3,2.5,3.8,2.4,1.1,0.2,1.5,2.2,11.2
DaQuan Jeffries,SG,26,NYK,6,0,3,0.5,1.3,0.375,0.2,0.7,0.25,0.3,0.7,0.5,0.438,0,0.3,0,0,0.5,0.5,0.2,0,0,0.2,0.2,1.2
Ty Jerome,SG,26,CLE,2,0,7.5,1,2,0.5,0,0.5,0,1,1.5,0.667,0.5,0,0,0,0.5,0,0.5,1.5,0,0,0.5,1,2
Isaiah Joe,SG,24,OKC,16,0,20.5,3.5,7.6,0.463,2.9,6.1,0.485,0.6,1.5,0.375,0.657,1.1,1.4,0.818,0.1,2.1,2.2,1.1,0.8,0.2,0.6,1.3,11.1
Cameron Johnson,PF,27,BRK,9,9,29.6,5.4,11.8,0.462,2.4,6.4,0.379,3,5.3,0.563,0.566,1.6,1.9,0.824,1.6,3.9,5.4,3,1.1,0.1,1.4,1.9,14.9
Jalen Johnson,SF,22,ATL,15,12,29.9,5.7,9.5,0.594,1.1,2.7,0.425,4.5,6.9,0.66,0.654,1.7,2.2,0.758,1.3,5.9,7.3,2.4,1.1,1,2,2.2,14.1
Keldon Johnson,SF,24,SAS,16,16,32.8,6.3,13.4,0.465,2,5.8,0.348,4.3,7.7,0.553,0.54,2.1,2.9,0.702,1,5.2,6.2,4.3,0.8,0.3,1.2,2.6,16.6
Keyontae Johnson,SF,23,OKC,1,0,6,0,1,0,0,0,0,0,1,0,0,0,0,0,0,0,0,0,0,0,0,0,0
Nikola Jokić,C,28,DEN,17,17,33.8,11.4,20,0.568,1.4,4.4,0.311,10,15.6,0.639,0.601,4.8,6,0.794,3.3,10.1,13.4,8.9,1.2,0.8,3.2,2.5,28.8
Colby Jones,SG,21,SAC,8,0,8.6,1.5,3.3,0.462,0.1,0.9,0.143,1.4,2.4,0.579,0.481,0.3,0.4,0.667,0.6,1,1.6,0.3,0.3,0.1,0.4,1.1,3.4
Damian Jones,C,28,CLE,10,0,5.1,0.4,0.8,0.5,0,0,0,0.4,0.8,0.5,0.5,0.1,0.2,0.5,0.4,0.6,1,0.3,0.1,0.2,0.3,0.3,0.9
Derrick Jones Jr.,SF,26,DAL,16,16,21.6,3,6.4,0.471,1.4,3.8,0.367,1.6,2.6,0.619,0.578,0.9,1.3,0.7,0.9,2.6,3.4,1,0.5,0.8,0.9,1.4,8.3
Herbert Jones,SF,25,NOP,14,14,30.7,3.9,7.6,0.514,1.1,3.3,0.348,2.8,4.4,0.639,0.589,2.6,3,0.857,0.7,3.4,4.1,2.9,1.9,1.5,1.4,3.8,11.6
Tre Jones,PG,24,SAS,14,0,24,3.1,7.1,0.434,0.5,2,0.25,2.6,5.1,0.507,0.47,1.4,1.6,0.909,0.6,2.4,3,5.1,0.9,0.3,1.4,1.3,8.1
Tyus Jones,PG,27,WAS,16,16,27.3,4.7,9.4,0.5,1.1,3.1,0.34,3.6,6.3,0.58,0.557,0.4,0.6,0.778,0.3,2.4,2.8,4.9,0.9,0.1,0.8,0.9,10.9
DeAndre Jordan,C,35,DEN,2,0,12.5,1.5,1.5,1,0,0,0,1.5,1.5,1,1,0.5,2.5,0.2,1,2.5,3.5,1,0,0,1,2.5,3.5
Cory Joseph,PG,32,GSW,7,0,9,0.7,2.7,0.263,0.6,2,0.286,0.1,0.7,0.2,0.368,0.1,0.4,0.333,0.3,0.3,0.6,1.9,0.4,0.1,0.7,1,2.1
Nikola Jović,PF,20,MIA,3,1,15,1.3,3.7,0.364,1,2,0.5,0.3,1.7,0.2,0.5,1,1.3,0.75,0.3,6.7,7,3,0.3,0,1.3,2.3,4.7
Luke Kennard,SG,27,MEM,8,0,21.5,2.6,7.3,0.362,2.1,5.8,0.37,0.5,1.5,0.333,0.509,0.9,0.9,1,0.4,2.5,2.9,2,0.6,0.1,0.6,0.5,8.3
Walker Kessler,C,22,UTA,9,8,23.7,3.7,6.8,0.541,0.2,0.8,0.286,3.4,6,0.574,0.557,1,1.6,0.643,3.7,4.6,8.2,0.2,0.1,2.1,1.2,2.4,8.6
Braxton Key,SF,26,DEN,5,0,2.4,0.2,1,0.2,0,0.4,0,0.2,0.6,0.333,0.2,0,0,0,0,0.4,0.4,0.8,0,0,0,0.4,0.4
Corey Kispert,SF,24,WAS,15,1,23.3,3.6,8.2,0.439,1.9,5.5,0.354,1.7,2.7,0.61,0.557,1.5,1.9,0.821,0.6,2,2.6,1.5,0.3,0,1.1,1.7,10.7
Maxi Kleber,C,32,DAL,5,1,18,0.8,3.2,0.25,0.6,1.8,0.333,0.2,1.4,0.143,0.344,1.2,2,0.6,0.8,3.4,4.2,2,0.2,0.2,0.8,1.6,3.4
Kevin Knox,SF,24,DET,4,2,27.5,4.8,9.3,0.514,2,4.5,0.444,2.8,4.8,0.579,0.622,0.3,0.5,0.5,1.3,4,5.3,0.8,1,0.3,1,2.8,11.8
John Konchar,SF,27,MEM,13,2,18.7,1.2,3.3,0.349,0.6,1.9,0.32,0.5,1.4,0.389,0.442,0.1,0.2,0.5,1.2,3.1,4.2,1.7,0.6,0.7,0.3,1.2,3
Furkan Korkmaz,SG,26,PHI,11,0,7.4,0.8,2,0.409,0.4,1,0.364,0.5,1,0.455,0.5,0.4,0.5,0.667,0.1,0.5,0.6,0.3,0.5,0,0.5,0.4,2.4
Luke Kornet,C,28,BOS,12,0,13.1,2,2.4,0.828,0,0,0,2,2.4,0.828,0.828,0.7,0.8,0.8,1.3,2.3,3.6,0.6,0.6,0.5,0.3,1.1,4.7
Jonathan Kuminga,PF,21,GSW,16,1,20.4,4.2,9.4,0.447,0.4,2.2,0.2,3.8,7.2,0.522,0.47,2.8,4,0.703,0.8,2.2,3,1,0.6,0.4,1.4,2.5,11.6
Kyle Kuzma,PF,28,WAS,16,16,30.4,9.1,19.1,0.474,2.4,6.6,0.368,6.6,12.5,0.53,0.538,2.3,2.9,0.804,1.1,4.8,5.9,4.6,0.3,0.6,2.3,1.9,22.9
Jock Landale,C,28,HOU,11,0,8.7,0.6,2,0.318,0.2,0.8,0.222,0.5,1.2,0.385,0.364,0.2,0.2,1,0.8,1.2,2,0.7,0.3,0.2,0.6,0.6,1.6
Jake LaRavia,PF,22,MEM,5,0,12.2,1.4,4,0.35,0.4,2.4,0.167,1,1.6,0.625,0.4,0.2,0.4,0.5,0.6,1,1.6,0.4,0.2,0,0.4,1.6,3.4
Zach LaVine,SG,28,CHI,17,17,35.9,7.7,17,0.453,2.5,7.4,0.344,5.2,9.6,0.537,0.528,4.2,4.8,0.866,0.3,4.8,5.1,3.4,0.9,0.2,2.1,2.1,22.1
Saben Lee,PG,24,PHO,3,0,3.3,1,2,0.5,0,0.3,0,1,1.7,0.6,0.5,0,0,0,0.7,0.3,1,1,0,0.3,0,0.3,2
Alex Len,C,30,SAC,6,0,6.8,1,1.3,0.75,0,0.2,0,1,1.2,0.857,0.75,0.5,1.2,0.429,1.2,1.5,2.7,0.8,0.2,0.8,0.3,0.3,2.5
Kawhi Leonard,SF,32,LAC,15,15,33.5,7.5,16.5,0.457,2.2,5.9,0.371,5.3,10.5,0.506,0.524,3.1,3.8,0.825,1,4.5,5.5,3.5,1.7,0.6,1.6,1.6,20.4
Caris LeVert,SG,29,CLE,14,1,30.7,5.8,14,0.413,1.7,5.6,0.308,4.1,8.4,0.483,0.474,2.6,3.6,0.74,0.4,3.4,3.9,3.9,1.1,0.4,1.1,1.6,15.9
Kira Lewis Jr.,PG,22,NOP,11,0,11,1.3,3.9,0.326,0.2,1.4,0.133,1.1,2.5,0.429,0.349,0.7,0.8,0.889,0.3,0.6,0.9,1.6,0.5,0.1,0.5,0.7,3.5
Maxwell Lewis,SF,21,LAL,6,0,3.5,0,0.5,0,0,0,0,0,0.5,0,0,0,0,0,0,0.2,0.2,0,0,0,0.3,0,0
E.J. Liddell,PF,23,NOP,3,0,3,0.3,1.3,0.25,0,1,0,0.3,0.3,1,0.25,0.7,0.7,1,0,0.7,0.7,0,0,0.3,0.3,0.3,1.3
Damian Lillard,PG,33,MIL,15,15,34.1,7.1,17.2,0.411,2.9,8.7,0.328,4.2,8.5,0.496,0.494,8.6,9.3,0.921,0.6,3.9,4.5,6.3,1.1,0.1,2.5,1.3,25.6
Nassir Little,PF,23,PHO,12,0,14.8,2.1,4.2,0.5,0.8,2.5,0.333,1.3,1.7,0.75,0.6,1,1.2,0.857,0.5,1.8,2.3,0.6,0.8,0.6,0.3,1.5,6
Dereck Lively II,C,19,DAL,14,13,24.1,3.6,5.1,0.694,0,0.1,0,3.6,5,0.714,0.694,1,1.6,0.636,3,4.6,7.6,1.3,0.6,1.1,1.1,3.3,8.1
Isaiah Livers,PF,25,DET,2,0,24.5,2,6,0.333,1,3.5,0.286,1,2.5,0.4,0.417,2,2,1,1,2,3,0.5,0,0,1,2,7
Chris Livingston,SF,20,MIL,2,0,4.5,1,1,1,0.5,0.5,1,0.5,0.5,1,1.25,0,0,0,0,0,0,0.5,0,0,0,0,2.5
Kenneth Lofton Jr.,PF,21,MEM,12,0,7.7,1.1,2.7,0.406,0.2,0.7,0.25,0.9,2,0.458,0.438,0.5,1.1,0.462,0.2,0.8,1,1,0.2,0.3,0.5,1.3,2.8
Kevon Looney,C,27,GSW,17,15,23.7,2.6,4.4,0.608,0,0,0,2.6,4.4,0.608,0.608,0.8,1.1,0.737,3.2,5.9,9.1,2.9,0.8,0.4,1.1,2.8,6.1
Brook Lopez,C,35,MIL,17,17,28.9,5.1,10,0.506,1.8,4.9,0.357,3.3,5.1,0.651,0.594,1.4,1.7,0.828,1.5,3.7,5.2,1.1,0.9,2.9,0.8,2.1,13.3
Robin Lopez,C,35,MIL,3,0,3,0,0,0,0,0,0,0,0,0,0,0.7,0.7,1,0,0,0,0.3,0,0,0.3,0.7,0.7
Kevin Love,PF,35,MIA,11,3,16.9,2.4,6.1,0.388,1.4,4.5,0.3,1,1.5,0.647,0.5,1.6,2,0.818,0.9,5.6,6.5,1.8,0.1,0,0.7,1.7,7.7
Kyle Lowry,PG,37,MIA,16,16,29.3,2.9,6.8,0.422,2.1,4.8,0.447,0.8,2.1,0.364,0.578,0.8,0.9,0.857,0.9,3.1,4.1,4.4,1.4,0.2,1.5,2.6,8.6
Trey Lyles,PF,28,SAC,2,0,23.5,3.5,7,0.5,3,6.5,0.462,0.5,0.5,1,0.714,0.5,0.5,1,0.5,7,7.5,0,0,0,2,3,10.5
Théo Maledon,PG,22,CHO,12,1,16.3,1.6,5.3,0.297,0.4,2.4,0.172,1.2,2.9,0.4,0.336,0.9,1,0.917,0.3,1.6,1.9,2.2,0.6,0,1.3,1.4,4.5
Sandro Mamukelashvili,C,24,SAS,6,0,8.2,0.8,2,0.417,0.2,0.8,0.2,0.7,1.2,0.571,0.458,0.8,1,0.833,0.8,1.2,2,1.2,0.3,0.2,0.5,1.2,2.7
Terance Mann,SG,27,LAC,9,5,25.3,2.2,5.6,0.4,0.3,2.4,0.136,1.9,3.1,0.607,0.43,0.7,1.1,0.6,1.2,3,4.2,2.7,1,0.4,0.7,2.3,5.4
Tre Mann,PG,22,OKC,5,0,8.8,2,3.6,0.556,0.6,1.6,0.375,1.4,2,0.7,0.639,0.2,0.2,1,0.6,1.6,2.2,1.2,0.2,0,1,0.2,4.8
Boban Marjanović,C,35,HOU,3,0,6.7,1.7,3,0.556,0,0.3,0,1.7,2.7,0.625,0.556,0,0.3,0,0.7,2,2.7,1,0,0.3,0,0.7,3.3
Lauri Markkanen,PF,26,UTA,15,15,34.1,8.1,16.8,0.484,3.3,8.5,0.383,4.9,8.3,0.589,0.581,4.2,5,0.84,2.4,6.3,8.7,1.1,1.1,0.9,1.3,2.3,23.7
Naji Marshall,SF,26,NOP,8,0,21.4,3,6.4,0.471,1.4,3,0.458,1.6,3.4,0.481,0.578,2.1,2.5,0.85,1,3.5,4.5,2.4,0.6,0.4,1.4,1.3,9.5
Caleb Martin,SF,28,MIA,7,0,20.4,3,8.7,0.344,0.9,3.6,0.24,2.1,5.1,0.417,0.393,0.7,0.7,1,1,2.3,3.3,1.4,1,0,0.7,1.4,7.6
KJ Martin,SF,23,TOT,8,0,6.1,0.6,1.6,0.385,0.1,0.6,0.2,0.5,1,0.5,0.423,0.3,0.5,0.5,0.3,0.5,0.8,0.3,0.4,0.1,0.4,1,1.6
KJ Martin,SF,23,LAC,2,0,15.5,2,5,0.4,0.5,2.5,0.2,1.5,2.5,0.6,0.45,0.5,1,0.5,0.5,1,1.5,0.5,1,0.5,1,1.5,5
KJ Martin,SF,23,PHI,6,0,3,0.2,0.5,0.333,0,0,0,0.2,0.5,0.333,0.333,0.2,0.3,0.5,0.2,0.3,0.5,0.2,0.2,0,0.2,0.8,0.5
Garrison Mathews,SG,27,ATL,4,0,6,0.8,1.5,0.5,0.8,1.5,0.5,0,0,0,0.75,0,0,0,0.3,0.8,1,0.3,0,0,0,0.5,2.3
Bennedict Mathurin,SF,21,IND,15,12,24.9,4.8,11,0.436,1.2,3.5,0.34,3.6,7.5,0.482,0.491,2.2,2.8,0.786,1.2,2.5,3.7,2.1,0.7,0.2,1.1,1.8,13
Wesley Matthews,SG,37,ATL,6,0,8.7,0.8,1.8,0.455,0.7,1.7,0.4,0.2,0.2,1,0.636,0.5,1,0.5,0.3,0.7,1,0.5,0.2,0,0.3,1.8,2.8
Tyrese Maxey,PG,23,PHI,16,16,38.5,9.2,19.9,0.461,3.2,7.9,0.402,6,12,0.5,0.541,4.8,5.4,0.895,0.8,4.2,4.9,6.8,0.8,0.8,1.5,1.9,26.4
Skylar Mays,PG,26,POR,14,5,19.5,3.1,7.6,0.406,0.9,2.9,0.293,2.2,4.6,0.477,0.462,0.8,0.9,0.846,0.3,1.4,1.7,4.5,0.8,0.1,1.1,1.4,7.8
Miles McBride,PG,23,NYK,11,0,4.8,0.7,1.5,0.471,0.4,1.2,0.308,0.4,0.4,1,0.588,0.1,0.2,0.5,0.1,0.2,0.3,0.2,0.4,0,0,0.6,1.9
CJ McCollum,PG,32,NOP,6,6,34.3,7.3,16.7,0.44,3.2,8.3,0.38,4.2,8.3,0.5,0.535,3.8,5.2,0.742,0.8,4,4.8,5.7,1.5,0.8,1.3,2.3,21.7
T.J. McConnell,PG,31,IND,10,0,14.4,3.1,5.7,0.544,0.1,0.5,0.2,3,5.2,0.577,0.553,1,1.2,0.833,0.5,1.9,2.4,3.7,0.7,0.1,0.7,1.6,7.3
Jaden McDaniels,SF,23,MIN,11,11,23.6,4.2,7.2,0.582,1,2.6,0.379,3.2,4.5,0.7,0.652,0.2,0.2,1,0.6,1.5,2.2,1.3,0.5,0.4,1,3.3,9.5
Jalen McDaniels,SF,26,TOR,12,0,9.1,0.8,3.1,0.27,0.3,1.5,0.167,0.6,1.6,0.368,0.311,0.2,0.2,1,0.2,1,1.2,0.6,0.3,0.2,0.3,0.7,2.1
Doug McDermott,SF,32,SAS,17,0,16.6,2.2,4.6,0.481,1.6,3.5,0.475,0.6,1.2,0.5,0.658,0.2,0.4,0.667,0.2,0.9,1.1,1.8,0.4,0.1,0.7,1.3,6.4
JaVale McGee,C,36,SAC,13,0,10.3,2.7,4,0.673,0,0.1,0,2.7,3.9,0.686,0.673,0.8,1.3,0.588,1.4,2.5,3.9,0.5,0.3,0.5,1.2,1.2,6.2
Bryce McGowens,SG,21,CHO,10,0,15.4,1.2,3,0.4,0.8,2.2,0.364,0.4,0.8,0.5,0.533,0.8,1,0.8,0.3,1.7,2,0.8,0.5,0.1,0.7,1.5,4
Jordan McLaughlin,PG,27,MIN,5,0,3.8,0.2,0.8,0.25,0.2,0.4,0.5,0,0.4,0,0.375,0.4,0.4,1,0,0,0,1,0,0.4,0,0.4,1
De'Anthony Melton,SG,25,PHI,16,16,30.1,4,10,0.4,2.2,5.4,0.402,1.8,4.6,0.397,0.509,2.1,2.7,0.791,0.9,3.4,4.3,3.8,1.3,0.4,1.2,2.6,12.3
Sam Merrill,SG,27,CLE,9,0,8.1,0.9,2.7,0.333,0.9,2.3,0.381,0,0.3,0,0.5,0,0,0,0.2,0.4,0.7,0.6,0.2,0,0.2,0.6,2.7
Chimezie Metu,C,26,PHO,9,0,6.6,1,1.9,0.529,0.2,0.8,0.286,0.8,1.1,0.7,0.588,0.3,0.4,0.75,0.2,1.1,1.3,0.3,0.1,0.3,0.2,1.1,2.6
Vasilije Micić,PG,30,OKC,8,0,12.3,1.1,3,0.375,0.6,1.8,0.357,0.5,1.3,0.4,0.479,0.5,0.8,0.667,0,0.5,0.5,2.8,0.1,0,1.3,0.8,3.4
Khris Middleton,SF,32,MIL,13,13,19.8,4.4,9.5,0.46,1.2,3.8,0.32,3.2,5.7,0.554,0.524,1.6,1.9,0.84,0.8,3.2,3.9,4.2,0.7,0.1,1.7,1.8,11.6
Brandon Miller,SF,21,CHO,14,8,30.3,5.4,11.5,0.472,1.5,4.2,0.356,3.9,7.3,0.539,0.537,1.8,2.3,0.781,1.4,2.7,4.1,1.9,0.6,0.4,1.1,3.1,14.1
Jordan Miller,SF,24,LAC,2,0,3.5,1,1.5,0.667,0.5,0.5,1,0.5,1,0.5,0.833,0,0,0,0,0,0,0,0,0,0,1,2.5
Leonard Miller,SF,20,MIN,3,0,2,0.3,0.7,0.5,0,0,0,0.3,0.7,0.5,0.5,0,0,0,0,2,2,0.3,0,0,0,0.3,0.7
Dariq Whitehead,SF,19,BRK,1,0,3,0,0,0,0,0,0,0,0,0,0,1,2,0.5,0,0,0,0,0,1,0,0,1
Patty Mills,PG,35,ATL,1,0,5,1,2,0.5,1,1,1,0,1,0,0.75,0,0,0,0,1,1,0,0,0,0,0,3
Shake Milton,SG,27,MIN,16,0,15.9,1.9,5,0.375,0.5,2,0.25,1.4,3,0.458,0.425,1.4,1.8,0.793,0.3,1.8,2.1,1.4,0.6,0.1,1.1,1.7,5.7
Justin Minaya,SF,24,POR,5,0,6,0.4,1.2,0.333,0.4,0.8,0.5,0,0.4,0,0.5,0.2,0.4,0.5,0.8,0.2,1,0,0,0.2,0.2,0.2,1.4
Josh Minott,SF,21,MIN,9,0,2.6,0.7,1.3,0.5,0,0.6,0,0.7,0.8,0.857,0.5,0.2,0.4,0.5,0.1,0.2,0.3,0.1,0,0.1,0,0.4,1.6
Davion Mitchell,PG,25,SAC,12,3,17.8,1.8,4.8,0.362,0.9,2.8,0.324,0.8,2,0.417,0.457,0.4,0.4,1,0.1,1.1,1.2,2.8,0.3,0.2,1,1.8,4.8
Donovan Mitchell,SG,27,CLE,12,12,35.9,9.4,20.9,0.45,3.1,8.3,0.37,6.3,12.6,0.503,0.524,5.1,5.8,0.884,0.8,4.1,4.9,5.3,1.8,0.5,2.3,1.9,27
Evan Mobley,PF,22,CLE,17,17,33.2,6.8,12.1,0.558,0.1,0.5,0.125,6.7,11.6,0.576,0.561,2.7,3.5,0.767,2.8,7.6,10.4,3.2,0.8,1.6,2.2,2.8,16.3
Isaiah Mobley,PF,24,CLE,2,0,5,0.5,1.5,0.333,0,0.5,0,0.5,1,0.5,0.333,0,0,0,0,1,1,1.5,0.5,0,0.5,1,1
Malik Monk,SG,25,SAC,15,0,23.9,4.1,10.5,0.392,2.4,6,0.4,1.7,4.5,0.382,0.506,2.5,2.9,0.864,0.6,2.2,2.8,5,0.7,0.5,2.1,1.8,13.2
Moses Moody,SG,21,GSW,17,2,17.9,2.8,5.9,0.475,1.1,3.1,0.346,1.8,2.9,0.612,0.564,0.8,1.2,0.667,1.1,2.4,3.5,1.1,0.8,0.3,0.6,1.2,7.5
Wendell Moore Jr.,SG,22,MIN,1,0,2,0,1,0,0,1,0,0,0,0,0,0,0,0,0,0,0,0,0,0,0,0,0
Marcus Morris,PF,34,PHI,9,1,8.9,1,2.7,0.375,0.4,1.3,0.333,0.6,1.3,0.417,0.458,0.2,0.2,1,0.3,1.2,1.6,0.3,0.1,0.3,0.4,1.3,2.7
Markieff Morris,PF,34,DAL,2,0,4.5,0.5,3,0.167,0,2,0,0.5,1,0.5,0.167,0,0,0,0,0.5,0.5,0.5,0,0,0,0,1
Dejounte Murray,SG,27,ATL,16,16,34.3,7.4,16.6,0.449,2.2,5.9,0.368,5.3,10.6,0.494,0.515,2.9,3.4,0.855,0.8,3.6,4.4,5.7,1.6,0.3,2.5,1.6,20
Jamal Murray,PG,26,DEN,7,7,30.9,6,13.9,0.433,2,4.6,0.438,4,9.3,0.431,0.505,2.3,2.7,0.842,0.4,2.1,2.6,7.4,0.3,0.7,2.3,1.9,16.3
Keegan Murray,SF,23,SAC,13,13,33.1,4.9,12.6,0.39,2.1,7.2,0.287,2.8,5.4,0.529,0.473,1.3,1.5,0.85,1.8,4.3,6.2,2,1.4,0.6,1.2,2.4,13.2
Kris Murray,SF,23,POR,10,0,8.8,0.6,2,0.3,0.3,1.2,0.25,0.3,0.8,0.375,0.375,0.3,0.5,0.6,0.4,0.4,0.8,0.3,0.5,0.1,0.1,0.8,1.8
Mike Muscala,C,32,WAS,7,1,11.7,1.1,2.7,0.421,0.4,1.4,0.3,0.7,1.3,0.556,0.5,0.6,0.6,1,0.3,2.4,2.7,1.1,0.1,0.4,1,1,3.3
Svi Mykhailiuk,SF,26,BOS,7,0,8.3,0.9,2.4,0.353,0.6,2,0.286,0.3,0.4,0.667,0.471,0,0,0,0.1,0.6,0.7,0.1,0.4,0,0.6,0.6,2.3
Larry Nance Jr.,C,31,NOP,13,0,15.5,1.5,3.2,0.488,0.2,0.8,0.273,1.3,2.3,0.567,0.524,0.2,0.5,0.5,1.2,2.9,4.2,0.6,0.7,0.3,0.9,1.4,3.5
Andrew Nembhard,PG,24,IND,12,1,18.5,3.5,7.3,0.477,0.8,2.6,0.29,2.8,4.8,0.579,0.528,0.3,0.4,0.6,0.6,1.3,1.9,4,0.8,0,1.5,1.8,8
Aaron Nesmith,SF,24,IND,13,1,23.3,3.8,7.5,0.515,1.8,4.1,0.453,2,3.4,0.591,0.639,1.2,1.8,0.667,0.8,2.3,3.2,1.1,0.8,0.6,0.5,3,10.8
Georges Niang,PF,30,CLE,17,1,22.7,2.9,7.5,0.394,1.6,4.5,0.355,1.4,3,0.451,0.5,0.5,0.5,1,0.3,3.7,4,1.1,0.3,0.1,0.6,2.5,7.9
Daishen Nix,PG,21,MIN,4,0,2.5,0.5,0.8,0.667,0.3,0.3,1,0.3,0.5,0.5,0.833,0,0,0,0,0,0,0,0.3,0,0,0,1.3
Zeke Nnaji,PF,23,DEN,17,0,10,1.2,2.3,0.513,0.2,0.4,0.429,1,1.9,0.531,0.551,0.7,1.1,0.632,0.8,1.2,2,0.5,0.2,0.4,0.5,1.3,3.2
Jaylen Nowell,SG,24,MEM,2,0,7.5,1,2,0.5,0,0.5,0,1,1.5,0.667,0.5,0,0,0,0.5,2,2.5,1.5,0,0,0,0.5,2
Markquis Nowell,SG,24,TOR,1,0,4,0,1,0,0,0,0,0,1,0,0,2,2,1,2,0,2,2,1,0,0,0,2
Jusuf Nurkić,C,29,PHO,17,17,27.5,3.6,8.1,0.449,0.6,2.4,0.25,3.1,5.8,0.531,0.486,2.6,3.5,0.746,3,6.1,9.1,3.9,1.1,1.3,1.9,3.4,10.5
Jordan Nwora,SF,25,IND,5,0,14.6,2.8,6.8,0.412,0.8,3,0.267,2,3.8,0.526,0.471,0.6,0.8,0.75,1.2,1.8,3,1.2,0.8,0.2,1.4,1.6,7
Royce O'Neale,SF,30,BRK,16,5,29.8,2.7,7.3,0.371,2.4,6,0.396,0.3,1.3,0.25,0.534,0.1,0.4,0.333,0.6,4.7,5.3,3.2,0.8,0.8,1.1,3,7.9
Chuma Okeke,SF,25,ORL,7,0,3.9,0.6,1.3,0.444,0.4,1,0.429,0.1,0.3,0.5,0.611,0,0,0,0.4,0.6,1,0.1,0,0,0.1,0,1.6
Josh Okogie,SG,25,PHO,17,7,21.6,2,4.9,0.41,0.6,2.2,0.27,1.4,2.7,0.522,0.47,2.1,2.6,0.818,1.5,1.7,3.2,1.1,0.9,0.4,0.9,1.2,6.7
Onyeka Okongwu,C,23,ATL,16,0,22.8,3.3,5.6,0.584,0.2,0.9,0.2,3.1,4.6,0.662,0.601,2,2.2,0.914,2.7,3.9,6.6,1.4,0.6,0.9,0.9,2.8,8.7
Isaac Okoro,SF,23,CLE,8,5,25.1,3,6.1,0.49,0.8,2,0.375,2.3,4.1,0.545,0.551,1.3,1.8,0.714,1.6,2.4,4,1.6,0.9,0.5,1.1,3,8
Kelly Olynyk,C,32,UTA,16,1,21.8,2.8,4.9,0.577,0.8,1.9,0.419,2,2.9,0.681,0.66,1.6,1.8,0.862,2.2,3.8,5.9,3.9,0.9,0.3,2.1,2.8,8
Eugene Omoruyi,SF,26,WAS,9,0,7.1,2.1,3.1,0.679,0.3,0.9,0.375,1.8,2.2,0.8,0.732,1,1.3,0.75,0.7,1.3,2,0.8,0.4,0.1,0.7,0.8,5.6
Cedi Osman,SF,28,SAS,17,0,19.2,3.1,6.5,0.482,1.5,3.7,0.413,1.6,2.8,0.574,0.6,0.6,0.7,0.833,0.5,1.5,2.1,1.2,0.5,0.2,0.6,1.6,8.4
Kelly Oubre Jr.,SF,28,PHI,8,5,29,5.9,11.8,0.5,1.8,4.6,0.378,4.1,7.1,0.579,0.574,2.8,3.5,0.786,1.4,3.8,5.1,0.6,1.4,0.4,0.9,2.4,16.3
Chris Paul,PG,38,GSW,17,7,28.1,3.3,8.3,0.397,1.2,3.6,0.323,2.1,4.6,0.456,0.468,1.5,1.6,0.929,0.3,3.5,3.8,7.7,1.5,0.1,1.2,1.6,9.3
Cameron Payne,PG,29,MIL,17,2,17.4,2.2,4.7,0.475,1.3,2.7,0.478,0.9,2,0.471,0.613,0.4,0.4,1,0.1,1.3,1.4,2.4,0.5,0.1,0.8,2.1,6.1
Gary Payton II,SG,31,GSW,13,0,17.3,2.4,5.2,0.463,0.7,2.1,0.333,1.7,3.1,0.55,0.53,0.4,0.6,0.625,1.1,1.9,3,0.9,1.2,0.2,0.6,1.8,5.8
Filip Petrušev,C,23,TOT,3,0,3.3,0.3,0.7,0.5,0,0,0,0.3,0.7,0.5,0.5,0.3,0.7,0.5,0,0.3,0.3,0,0,0,0,0.3,1
Filip Petrušev,C,23,PHI,1,0,3,0,0,0,0,0,0,0,0,0,0,0,0,0,0,1,1,0,0,0,0,0,0
Filip Petrušev,C,23,SAC,2,0,3.5,0.5,1,0.5,0,0,0,0.5,1,0.5,0.5,0.5,1,0.5,0,0,0,0,0,0,0,0.5,1.5
Julian Phillips,SF,20,CHI,7,0,3,0.3,1,0.286,0,0.4,0,0.3,0.6,0.5,0.286,0,0.3,0,0,0.3,0.3,0,0,0,0,0.4,0.6
Jalen Pickett,SG,24,DEN,10,0,7.1,0.9,1.9,0.474,0.5,1.3,0.385,0.4,0.6,0.667,0.605,0.2,0.2,1,0.1,0.9,1,0.7,0.3,0,0.6,0.7,2.5
Mason Plumlee,C,33,LAC,6,0,17,2,3.2,0.632,0,0,0,2,3.2,0.632,0.632,1,2.3,0.429,1.3,4.2,5.5,1,0.7,0.2,0.8,1,5
Brandin Podziemski,SG,20,GSW,12,0,16.3,2.3,5.3,0.438,0.9,2.3,0.407,1.4,3.1,0.459,0.523,0.8,1.1,0.769,0.9,2.9,3.8,2.2,0.5,0,1.1,1.6,6.4
Jakob Poeltl,C,28,TOR,17,17,26.5,5.2,7.1,0.727,0,0,0,5.2,7.1,0.727,0.727,0.9,1.9,0.485,2.8,5.8,8.5,2.4,0.9,0.9,1.8,2.6,11.3
Aleksej Pokusevski,PF,22,OKC,5,0,6.2,0.4,1.6,0.25,0.2,1.2,0.167,0.2,0.4,0.5,0.313,0.2,0.4,0.5,0.4,1,1.4,1,0,0.2,0.6,0.8,1.2
Jordan Poole,SG,24,WAS,15,15,29.8,6.5,16.2,0.399,2,7,0.286,4.5,9.2,0.486,0.461,2.8,3.3,0.84,0.6,2.1,2.7,3.6,1.1,0.4,2.9,3.1,17.7
Craig Porter Jr.,PG,23,CLE,11,1,15.5,3.3,5.8,0.563,0.3,0.6,0.429,3,5.2,0.579,0.586,1.5,2,0.727,0.3,1.8,2.1,2.7,0.6,0.5,1.1,1.3,8.3
Michael Porter Jr.,SF,25,DEN,17,17,31.2,6.6,14,0.475,3,7.8,0.386,3.6,6.2,0.585,0.582,1.1,1.5,0.76,1.7,6,7.7,1.4,0.5,0.8,1.2,2.3,17.4
Otto Porter Jr.,SF,30,TOR,9,1,12.2,1.1,2.6,0.435,0.8,1.8,0.438,0.3,0.8,0.429,0.587,0.1,0.1,1,0.7,1.8,2.4,0.1,0.3,0.3,0.1,1.1,3.1
Bobby Portis,PF,28,MIL,17,0,23.6,4.8,9.8,0.485,0.8,2.5,0.326,3.9,7.3,0.54,0.527,1.5,1.9,0.758,1.4,5.2,6.6,1.3,0.9,0.6,1.1,2.2,11.8
Kristaps Porziņģis,C,28,BOS,15,15,30.3,6.5,11.9,0.547,1.6,4.9,0.324,4.9,7,0.705,0.615,4.3,5.3,0.8,1.5,5.2,6.7,1.9,0.7,1.7,1.3,3.4,18.9
Dwight Powell,C,32,DAL,15,1,15.7,1.4,1.9,0.724,0.1,0.1,1,1.3,1.9,0.714,0.741,1.9,2.4,0.778,1.4,2,3.4,1.5,0.3,0.5,0.4,1.9,4.7
Norman Powell,SG,30,LAC,15,0,24.7,4.5,8.7,0.515,2.1,4.3,0.484,2.4,4.4,0.545,0.635,2.1,2.7,0.78,0.1,2,2.1,1.2,0.7,0.5,1.1,2.2,13.1
Taurean Prince,PF,29,LAL,15,15,30.4,3.3,8.2,0.398,1.2,4.3,0.277,2.1,3.9,0.534,0.472,0.8,1.1,0.75,0.4,1.9,2.3,1.5,0.6,0.5,0.6,2.3,8.5
Payton Pritchard,PG,26,BOS,17,0,20.5,2.2,5.8,0.388,1.1,3.5,0.322,1.1,2.3,0.487,0.485,0.5,0.6,0.727,1.1,2.1,3.1,2.9,0.3,0,0.6,1.1,6.1
Olivier-Maxence Prosper,PF,21,DAL,7,0,5.9,0.6,1.9,0.308,0.1,1.1,0.125,0.4,0.7,0.6,0.346,0.6,1.1,0.5,0.3,1,1.3,0.1,0.1,0,0,0.4,1.9
Neemias Queta,C,24,BOS,2,0,10,1.5,4.5,0.333,0,0,0,1.5,4.5,0.333,0.333,0.5,0.5,1,3,3,6,0,0.5,0,0,0.5,3.5
Immanuel Quickley,SG,24,NYK,16,0,25.1,5.4,12.1,0.446,2.1,5.5,0.375,3.3,6.6,0.505,0.531,3.1,3.4,0.891,0.3,3.1,3.4,3.1,0.5,0.1,1.2,1.9,15.9
Lester Quinones,SG,23,GSW,2,0,4.5,1,3,0.333,0.5,2,0.25,0.5,1,0.5,0.417,0,0,0,0,0,0,0,0,0,0.5,0.5,2.5
Julius Randle,PF,29,NYK,16,16,34.8,6.8,17.4,0.387,1.6,5.9,0.274,5.1,11.5,0.446,0.434,4.5,6.5,0.692,2,7.6,9.6,5.2,0.8,0.1,3.2,2.6,19.6
Duop Reath,C,27,POR,8,1,13.9,2.4,6.4,0.373,1.3,4.1,0.303,1.1,2.3,0.5,0.471,0.5,0.5,1,0.6,1.3,1.9,1,0.5,0.3,0.8,1.8,6.5
Austin Reaves,SG,25,LAL,17,8,30.4,4.8,10.4,0.463,1.4,3.9,0.343,3.5,6.5,0.536,0.528,3,3.6,0.836,1,4.1,5.1,5.2,1.1,0.1,2.5,1.4,14
Cam Reddish,SF,24,LAL,15,9,23.9,2.5,6,0.422,1,2.9,0.341,1.5,3.1,0.5,0.506,1.3,1.7,0.8,0.5,2.1,2.5,1.1,1.7,0.3,0.6,1.5,7.4
Paul Reed,C,24,PHI,16,0,13.4,2.1,3.9,0.54,0.1,0.4,0.333,2,3.6,0.561,0.556,0.1,0.3,0.5,1.9,2.6,4.5,0.9,0.4,0.7,0.8,2,4.5
Naz Reid,C,24,MIN,16,0,20.9,4.4,8.8,0.504,1.6,4.1,0.394,2.8,4.7,0.6,0.596,1.7,1.9,0.9,0.9,2.9,3.8,0.6,0.8,0.5,1.1,1.5,12.2
Jared Rhoden,SG,24,DET,5,0,6,1,1.8,0.556,0.2,0.8,0.25,0.8,1,0.8,0.611,0.4,0.4,1,0.2,0.6,0.8,0.6,0,0,0.4,0.8,2.6
Nick Richards,C,26,CHO,11,0,17.5,3,3.8,0.786,0,0,0,3,3.8,0.786,0.786,2.5,3.1,0.794,1.5,4.4,5.9,0.4,0.4,1.2,1.2,2.9,8.5
Josh Richardson,SG,30,MIA,14,3,27,3.3,8,0.411,1.1,4.1,0.276,2.1,3.9,0.556,0.482,1.1,1.2,0.941,0.5,2.1,2.6,2.9,0.7,0.3,1.1,1.7,8.9
Duncan Robinson,SF,29,MIA,15,7,29.4,5.1,10.7,0.478,3.1,7.1,0.43,2.1,3.6,0.574,0.621,1.2,1.3,0.9,0.3,2.4,2.7,2.7,0.3,0.1,0.9,2.3,14.5
Jerome Robinson,SG,26,GSW,1,0,5,0,2,0,0,0,0,0,2,0,0,0,0,0,1,1,2,0,0,0,0,0,0
Mitchell Robinson,C,25,NYK,16,16,29.5,2.8,4.8,0.571,0,0,0,2.8,4.8,0.571,0.571,0.8,2.1,0.353,5.8,5.4,11.3,0.5,1.4,1.1,0.7,1.9,6.3
Orlando Robinson,C,23,MIA,4,0,15,2.5,4.5,0.556,0.5,0.5,1,2,4,0.5,0.611,0.8,1,0.75,1.5,2.8,4.3,2.3,0.5,0.8,1.3,2.3,6.3
Jeremiah Robinson-Earl,PF,23,NOP,7,1,14,1.9,3.6,0.52,0.9,1.6,0.545,1,2,0.5,0.64,0.9,0.9,1,1.1,2,3.1,0.7,0.3,0,0.9,1.3,5.4
David Roddy,PF,22,MEM,16,1,23.3,3.3,7.6,0.43,0.8,2.9,0.255,2.5,4.6,0.541,0.479,0.6,0.9,0.667,1,2.8,3.8,1,0.6,0.4,0.9,1.6,7.9
Ryan Rollins,PG,21,WAS,8,0,6.1,1.1,2.3,0.5,0.1,0.3,0.5,1,2,0.5,0.528,1.6,2,0.813,0.3,1,1.3,1.3,1,0.3,0.9,0.8,4
Derrick Rose,PG,35,MEM,8,0,17.8,3.6,8.1,0.446,1,2,0.5,2.6,6.1,0.429,0.508,1.4,1.6,0.846,0.8,1,1.8,2.4,0.5,0.1,1.3,0.8,9.6
Terry Rozier,SG,29,CHO,6,6,36,8.5,17.5,0.486,1.7,5.8,0.286,6.8,11.7,0.586,0.533,3.3,4.3,0.769,0.7,2.8,3.5,5.7,0.7,0.5,2.7,1.3,22
Rayan Rupert,SG,19,POR,7,0,4.4,0.1,1.7,0.083,0.1,0.9,0.167,0,0.9,0,0.125,0.3,0.6,0.5,0.1,0,0.1,0.3,0.3,0,0.3,0.1,0.7
D'Angelo Russell,PG,27,LAL,17,17,31.3,6.3,13.4,0.471,2.2,5.6,0.396,4.1,7.7,0.527,0.555,2.1,2.7,0.783,0.4,3.1,3.5,6.2,0.6,0.6,1.9,2.2,16.9
Matt Ryan,SF,26,NOP,13,1,22.9,2.9,6.4,0.458,2.5,5.2,0.471,0.5,1.2,0.4,0.651,1,1.1,0.929,0.4,1.9,2.3,1.1,0.4,0.1,1.2,1.8,9.3
Domantas Sabonis,C,27,SAC,15,15,35.2,7.7,12.5,0.62,0.5,1.1,0.412,7.3,11.3,0.641,0.639,3.9,6.2,0.634,3.7,8.7,12.3,7,0.9,1,3.4,3.6,19.9
Luka Šamanić,PF,24,UTA,6,0,4.3,0.8,2.2,0.385,0.3,1.2,0.286,0.5,1,0.5,0.462,0.2,0.2,1,0,1.2,1.2,0.3,0.2,0,0.2,0.3,2.2
Jermaine Samuels,SF,25,HOU,3,0,6.7,0.7,1,0.667,0,0.3,0,0.7,0.7,1,0.667,0.7,0.7,1,0.3,0.7,1,0,0,0.3,0,1,2
Gui Santos,PF,21,GSW,2,0,6,1,2,0.5,0,0.5,0,1,1.5,0.667,0.5,0,0,0,1,1,2,0.5,0,0,1,1,2
Dario Šarić,C,29,GSW,17,3,21.7,3.8,8.4,0.451,1.6,4.4,0.373,2.1,3.9,0.537,0.549,1.6,1.9,0.844,1.7,4.6,6.4,2.2,0.7,0.4,1.1,2.4,10.8
Olivier Sarr,C,24,OKC,5,0,10.8,0.6,1.2,0.5,0.4,0.6,0.667,0.2,0.6,0.333,0.667,0.8,1.2,0.667,0.8,3.2,4,0.2,0,1,0.4,2,2.4
Marcus Sasser,PG,23,DET,16,0,17.8,3.2,6.7,0.477,1.3,3.3,0.385,1.9,3.4,0.564,0.57,0.4,0.4,1,0.1,1.9,2.1,2.6,0.7,0.1,0.8,1.4,8.1
Admiral Schofield,PF,26,ORL,3,0,3.3,0.7,1.7,0.4,0.3,1.3,0.25,0.3,0.3,1,0.5,0,0.7,0,0,0,0,0,0,0,0.3,0.3,1.7
Dennis Schröder,PG,30,TOR,17,17,31.1,6,13.2,0.455,1.9,5.2,0.36,4.1,7.9,0.519,0.527,2.9,3.3,0.875,0.5,2.4,2.8,6.5,0.9,0.1,1.9,1.9,16.8
Dereon Seabron,SG,23,NOP,5,0,10.4,0.8,2.6,0.308,0.2,0.4,0.5,0.6,2.2,0.273,0.346,1,1.2,0.833,0.2,1.2,1.4,0.8,0.4,0.2,0,0.8,2.8
Alperen Şengün,C,21,HOU,14,14,32.8,8.5,15,0.567,0.7,2.2,0.323,7.8,12.8,0.609,0.59,2.5,3.9,0.636,2.6,6.5,9.1,5.6,0.9,0.7,2.8,3.3,20.2
Brice Sensabaugh,SF,20,UTA,1,0,2,0,2,0,0,0,0,0,2,0,0,0,0,0,1,1,2,0,0,0,0,0,0
Collin Sexton,SG,25,UTA,16,0,20,4.1,9.3,0.439,1.1,3.4,0.333,2.9,5.9,0.5,0.5,2.8,3.2,0.863,0.9,1.7,2.6,3.3,0.3,0.3,1.8,1.6,12
Landry Shamet,SG,26,WAS,12,0,16.3,3.1,6.7,0.463,1.5,4.3,0.353,1.6,2.4,0.655,0.575,0.3,0.5,0.5,0.2,1.3,1.5,1.3,0.5,0.1,0.4,1.8,7.9
Day'Ron Sharpe,C,22,BRK,16,0,15.1,2.6,4.7,0.547,0,0.3,0,2.6,4.4,0.577,0.547,1.4,2.1,0.676,2.4,4.2,6.6,0.7,0.4,0.8,1.2,2.1,6.6
Shaedon Sharpe,SG,20,POR,16,15,36.6,5.8,14.6,0.399,1.8,5.7,0.319,4,8.9,0.451,0.461,3.5,4.3,0.824,1.6,3.8,5.4,3.1,0.9,0.5,3.2,2.8,16.9
Ben Sheppard,SG,22,IND,6,0,9,1.5,3.7,0.409,0.8,2.5,0.333,0.7,1.2,0.571,0.523,0.3,0.3,1,0.2,0.7,0.8,0.8,0.2,0,0.2,0.7,4.2
Pascal Siakam,PF,29,TOR,17,17,34.2,7.8,15.8,0.493,0.9,4,0.221,6.9,11.8,0.585,0.521,3.6,4.9,0.726,1.5,5.4,6.8,5.3,0.8,0.2,2.6,2.2,20
Ben Simmons,PG,27,BRK,6,6,31.8,3.2,6,0.528,0,0,0,3.2,6,0.528,0.528,0.2,0.7,0.25,2.7,8.2,10.8,6.7,0.5,0.8,2.5,2.7,6.5
Anfernee Simons,SG,24,POR,1,1,27,6,14,0.429,2,6,0.333,4,8,0.5,0.5,4,4,1,1,1,2,4,2,0,0,2,18
Jericho Sims,C,25,NYK,7,0,3,0.3,0.4,0.667,0,0,0,0.3,0.4,0.667,0.667,0.1,0.4,0.333,0.1,1.3,1.4,0.1,0,0,0,0.1,0.7
Jalen Slawson,SF,24,SAC,3,0,5.3,0.7,1,0.667,0,0.3,0,0.7,0.7,1,0.667,0,0,0,0,1.3,1.3,0.7,0,0.3,0.3,0.3,1.3
Marcus Smart,PG,29,MEM,11,11,29.9,4.6,10.8,0.429,1.6,5.5,0.295,3,5.3,0.569,0.504,1.5,1.9,0.81,0.3,2.2,2.5,5,2,0.4,3.4,3.2,12.5
Dennis Smith Jr.,PG,26,BRK,11,0,17,2.3,5.7,0.397,0.6,1.7,0.368,1.6,4,0.409,0.452,0.6,0.7,0.875,0.7,1.5,2.3,3.2,0.6,0.2,1,2.3,5.8
Dru Smith,SG,26,MIA,9,0,14.6,1.7,3.7,0.455,0.8,1.9,0.412,0.9,1.8,0.5,0.561,0.2,0.2,1,0.7,0.9,1.6,1.6,1,0.3,0.6,1.3,4.3
Ish Smith,PG,35,CHO,9,0,16.3,1.7,3.1,0.536,0.1,0.2,0.5,1.6,2.9,0.538,0.554,0,0,0,0.2,1.7,1.9,2.4,0.6,0.1,1.1,1,3.4
Jabari Smith Jr.,PF,20,HOU,14,14,29.6,5.2,10.4,0.5,1.8,4.7,0.379,3.4,5.7,0.6,0.586,1,1.4,0.737,1.6,6.1,7.7,1.3,0.6,0.6,1.3,3.4,13.2
Jalen Smith,C,23,IND,13,0,15.7,3.8,5.4,0.714,1,1.5,0.684,2.8,3.9,0.725,0.807,1.4,1.9,0.72,1.5,4,5.5,0.8,0.4,0.3,1.1,2.2,10.1
Nick Smith Jr.,SG,19,CHO,6,0,6.3,1,2.8,0.353,0.5,1.2,0.429,0.5,1.7,0.3,0.441,0,0,0,0.2,0.5,0.7,0.3,0.2,0.2,0.3,0.5,2.5
Jeremy Sochan,PG,20,SAS,17,17,28.5,4.1,9.6,0.423,0.8,2.1,0.371,3.3,7.5,0.438,0.463,1.5,1.9,0.758,1.5,3.9,5.4,4.4,0.8,0.2,2.3,2.9,10.4
Jaden Springer,SG,21,PHI,11,0,11.5,1.2,3.4,0.351,0.3,1.1,0.25,0.9,2.3,0.4,0.392,0.5,0.7,0.75,1.1,0.9,2,0.9,0.5,0.5,1.1,1.6,3.2
Lamar Stevens,PF,26,BOS,5,0,4,0.8,1.4,0.571,0.2,0.2,1,0.6,1.2,0.5,0.643,0,0,0,0.8,0.4,1.2,0.4,0.2,0,0.6,0.8,1.8
Isaiah Stewart,PF,22,DET,16,16,31.9,4.4,9.4,0.467,1.5,3.6,0.414,2.9,5.8,0.5,0.547,1.5,1.9,0.774,2,5.4,7.4,1.4,0.3,0.8,1.8,2.6,11.8
Julian Strawther,SF,21,DEN,14,0,11.7,1.9,4.6,0.4,0.9,3,0.31,0.9,1.6,0.565,0.5,0.4,0.6,0.75,0.1,0.9,1,1,0.4,0.2,0.1,1.7,5.1
Max Strus,SF,27,CLE,17,17,35.1,5.2,11.8,0.438,2.9,7.6,0.385,2.2,4.2,0.535,0.562,1.1,1.4,0.826,0.7,5.1,5.8,3.8,0.9,0.6,1.7,2.5,14.4
Jalen Suggs,SG,22,ORL,16,16,27.1,4.2,9.6,0.435,1.6,4.3,0.362,2.6,5.3,0.494,0.516,2.5,3,0.833,0.8,3.3,4,2.7,1.9,0.5,1.9,2.8,12.4
Cole Swider,SF,24,MIA,3,0,9.7,2,4.7,0.429,1.3,3.7,0.364,0.7,1,0.667,0.571,0,0,0,0,0.3,0.3,1,0.3,0.3,0.3,0.3,5.3
Jae'Sean Tate,SF,28,HOU,14,0,19.4,2.5,4.9,0.507,0.8,2.1,0.367,1.7,2.8,0.615,0.587,0.4,0.5,0.714,1.1,2.9,4,1.3,1.1,0.4,0.4,2.9,6.1
Jayson Tatum,PF,25,BOS,17,17,37.1,9.8,19.9,0.494,3.2,8.8,0.367,6.6,11.1,0.596,0.575,5.2,6.5,0.802,0.7,8.2,8.9,4.1,1.2,0.4,3.2,2.3,28.1
Terry Taylor,PF,24,CHI,4,0,2.3,0.3,0.3,1,0,0,0,0.3,0.3,1,1,0,0,0,0,0.3,0.3,0,0,0,0,0,0.5
Garrett Temple,SG,37,TOR,5,0,3.2,0.8,1,0.8,0.2,0.2,1,0.6,0.8,0.75,0.9,0.4,0.4,1,0,0.4,0.4,0.4,0.2,0,0,0,2.2
Dalen Terry,SG,21,CHI,4,0,2.8,0.8,2,0.375,0.3,1,0.25,0.5,1,0.5,0.438,0,0.5,0,0,1,1,0.8,0,0,0.3,0.3,1.8
Daniel Theis,C,31,TOT,6,0,16.2,2.8,6.2,0.459,0.3,1,0.333,2.5,5.2,0.484,0.486,0.5,1,0.5,1.7,3,4.7,1.3,0.3,0.7,0.7,2.2,6.5
Daniel Theis,C,31,IND,1,0,8,1,4,0.25,0,1,0,1,3,0.333,0.25,0,0,0,0,0,0,0,0,0,0,1,2
Daniel Theis,C,31,LAC,5,0,17.8,3.2,6.6,0.485,0.4,1,0.4,2.8,5.6,0.5,0.515,0.6,1.2,0.5,2,3.6,5.6,1.6,0.4,0.8,0.8,2.4,7.4
Cam Thomas,SG,22,BRK,8,7,32.4,9.9,20.6,0.479,2.1,6.6,0.321,7.8,14,0.554,0.53,5,5.9,0.851,0.3,3.5,3.8,2.1,0.9,0.6,1.3,1.9,26.9
Amen Thompson,SF,21,HOU,4,0,16.8,2.3,5.5,0.409,0.5,2.8,0.182,1.8,2.8,0.636,0.455,1.3,2,0.625,0.3,2.5,2.8,1.5,0.5,0.3,1.5,2.3,6.3
Ausar Thompson,SF,21,DET,16,16,30.4,4.5,10,0.45,0.3,1.8,0.138,4.3,8.2,0.519,0.463,1.9,2.7,0.698,3.6,6.3,9.8,3.2,1.1,1.8,2.3,3.6,11.1
Klay Thompson,SF,33,GSW,16,16,29,5.3,13.1,0.402,2.8,7.5,0.367,2.5,5.6,0.449,0.507,1.8,2,0.875,0.6,2.7,3.3,2.3,0.4,0.5,1.9,2.3,15
Tristan Thompson,PF,32,CLE,14,0,9.3,1.1,1.5,0.714,0,0,0,1.1,1.5,0.714,0.714,0.4,0.9,0.385,1.1,1.4,2.5,0.8,0.1,0.4,0.5,0.9,2.5
JT Thor,PF,21,CHO,15,1,16.7,1.7,3.9,0.424,0.8,2.1,0.387,0.9,1.9,0.464,0.525,0,0.3,0,0.9,2.1,3,0.7,0.3,0.3,0.2,1.3,4.1
Matisse Thybulle,SF,26,POR,16,9,21.6,2.3,4.6,0.486,1.4,3.7,0.39,0.8,0.9,0.867,0.642,0.4,0.5,0.75,0.3,1.3,1.6,1.2,1.5,0.8,0.8,1.1,6.3
Xavier Tillman Sr.,C,25,MEM,7,5,25.9,3.9,9.1,0.422,1,2.9,0.35,2.9,6.3,0.455,0.477,0.6,1.3,0.444,2,4.7,6.7,2.4,1.6,0.9,1.4,2.9,9.3
Obi Toppin,PF,25,IND,15,14,24,4.9,8.1,0.607,0.9,3,0.311,4,5.1,0.779,0.664,1.2,1.4,0.857,0.9,2.3,3.1,1.1,0.8,0.3,0.8,1.7,12
Karl-Anthony Towns,PF,28,MIN,16,16,33.4,8,15.8,0.506,2,5,0.4,6,10.8,0.555,0.569,3.8,4.1,0.909,0.9,8.1,8.9,2.9,1,0.8,2.7,3.4,21.8
Gary Trent Jr.,SG,25,TOR,14,2,26.1,3.9,10.1,0.387,2,5.4,0.368,1.9,4.7,0.409,0.486,1.2,2.1,0.586,0.3,1.6,1.9,1.1,0.9,0.1,0.8,1.1,11.1
P.J. Tucker,PF,38,TOT,14,3,16.6,0.4,1.4,0.316,0.4,1.1,0.313,0.1,0.2,0.333,0.447,0.2,0.2,1,1.1,1.9,3.1,0.5,0.5,0.2,0.3,2.4,1.4
P.J. Tucker,PF,38,PHI,3,3,22,0.7,1.7,0.4,0.7,1.7,0.4,0,0,0,0.6,0,0,0,0.3,4.3,4.7,0,1,0.7,0.7,3,2
P.J. Tucker,PF,38,LAC,11,0,15.2,0.4,1.3,0.286,0.3,1,0.273,0.1,0.3,0.333,0.393,0.3,0.3,1,1.4,1.3,2.6,0.6,0.4,0.1,0.2,2.3,1.3
Myles Turner,C,27,IND,15,15,26.5,6.1,11.7,0.517,1.6,4.3,0.375,4.5,7.5,0.598,0.585,3.5,4.4,0.788,1.7,5.8,7.5,1.5,0.6,2.2,1.6,3.5,17.2
Hunter Tyson,PF,23,DEN,6,0,2.5,0.2,0.7,0.25,0,0.5,0,0.2,0.2,1,0.25,0,0,0,0,0.7,0.7,0.2,0,0,0,0.7,0.3
Stanley Umude,SG,24,DET,12,0,10.9,1.5,2.8,0.529,1,1.8,0.571,0.5,1.1,0.462,0.706,1.6,1.8,0.905,0.2,1.7,1.8,0.5,0.3,0.4,0.5,1.4,5.6
Jonas Valančiūnas,C,31,NOP,17,17,25.5,5.1,9.5,0.537,0.8,1.9,0.394,4.4,7.6,0.574,0.577,2.1,2.5,0.814,2.2,6.5,8.7,2.5,0.4,1.4,1.3,3,13.1
Fred VanVleet,PG,29,HOU,14,14,37.4,5.6,14.5,0.389,3.1,8.3,0.379,2.5,6.2,0.402,0.498,2.1,2.4,0.882,0.3,3.9,4.1,9,0.7,0.4,1.6,1.8,16.6
Devin Vassell,SG,23,SAS,12,8,28.3,6.6,13.3,0.494,2.7,6.3,0.421,3.9,7,0.56,0.594,2.3,3,0.75,0.5,2.9,3.4,2.8,1,0.1,1.3,1.1,18.1
Sasha Vezenkov,PF,28,SAC,12,0,13.7,2.2,5.1,0.426,1.2,3.4,0.341,1,1.7,0.6,0.541,0.3,0.3,1,0.2,1.8,1.9,0.3,0.5,0.3,0.3,1.3,5.8
Gabe Vincent,PG,27,LAL,4,0,28.3,2.8,7,0.393,0.3,3.5,0.071,2.5,3.5,0.714,0.411,0.3,0.5,0.5,0.5,0.5,1,3,1.5,0,0.5,2.5,6
Nikola Vučević,C,33,CHI,18,18,34.6,6.8,14.7,0.46,0.9,3.5,0.254,5.9,11.2,0.525,0.491,1.4,1.7,0.833,2.7,7.6,10.2,3.1,0.9,0.6,1.8,3.2,15.8
Dean Wade,PF,27,CLE,13,7,20.3,1,3.1,0.325,0.9,2.9,0.316,0.1,0.2,0.5,0.475,0.2,0.3,0.5,0.9,3.2,4.1,0.8,0.8,0.2,0.4,2.2,3.1
Franz Wagner,SF,22,ORL,17,17,32.8,7.5,16.5,0.452,1.5,5.2,0.292,5.9,11.3,0.526,0.498,3.1,3.7,0.825,1.1,4.5,5.6,3.2,1.2,0.4,1.9,2.2,19.5
Moritz Wagner,C,26,ORL,17,0,19.2,4.8,7.6,0.628,0.6,1.8,0.367,4.1,5.8,0.707,0.671,2.4,2.8,0.833,1.5,2.8,4.4,1.2,0.5,0.4,1.2,2.6,12.5
Ish Wainright,SF,29,POR,2,0,2.5,0,0.5,0,0,0.5,0,0,0,0,0,0,0,0,0,0,0,0,0.5,0,0,0.5,0
Jabari Walker,SF,21,POR,16,0,16.7,2.9,6.2,0.475,0.6,2.1,0.303,2.3,4.1,0.561,0.525,1.1,1.6,0.72,1.4,3,4.4,0.6,0.8,0.5,0.9,2.3,7.6
Jarace Walker,PF,20,IND,4,0,10.3,1.8,4.5,0.389,0,1.3,0,1.8,3.3,0.538,0.389,0.8,0.8,1,0.3,1.8,2,1.5,0.5,0.5,0.3,1,4.3
Lonnie Walker IV,SG,25,BRK,15,0,21.7,5.6,11.3,0.497,2.7,5.8,0.471,2.9,5.5,0.524,0.618,1.7,2.2,0.788,0.1,2.7,2.8,1.7,0.7,0.4,1.4,1,15.7
Cason Wallace,SG,20,OKC,16,4,22.3,2.6,4.3,0.609,0.9,1.6,0.538,1.8,2.7,0.651,0.71,0.6,0.6,1,0.6,1.7,2.3,1.6,0.6,0.4,0.6,1.7,6.7
P.J. Washington,PF,25,CHO,14,12,31.9,5.7,12.8,0.447,1.8,5.7,0.313,3.9,7.1,0.556,0.517,1.5,2.1,0.724,0.9,4,4.9,1.9,0.5,0.9,1.4,2.9,14.7
TyTy Washington Jr.,PG,22,MIL,2,0,3,0.5,1.5,0.333,0.5,1,0.5,0,0.5,0,0.5,0,0,0,0,0.5,0.5,0,0.5,0,1,0,1.5
Yuta Watanabe,SF,29,PHO,13,0,18.3,1.8,4.5,0.39,1.4,3.6,0.383,0.4,0.9,0.417,0.542,0.5,0.7,0.778,0.5,1.9,2.5,0.6,0.3,0.3,0.8,1.7,5.5
Lindy Waters III,SG,26,OKC,7,0,7,0.9,1.9,0.462,0.9,1.9,0.462,0,0,0,0.692,0,0,0,0.1,0.6,0.7,0.6,0,0.1,0,0.1,2.6
Trendon Watford,PF,23,BRK,10,0,15.1,3,5.9,0.508,0.5,1.2,0.417,2.5,4.7,0.532,0.551,0.8,0.9,0.889,1.2,2.8,4,2,0.7,0.2,1.2,2.4,7.3
Peyton Watson,SF,21,DEN,16,0,13.9,1.8,3.5,0.5,0.3,1.1,0.235,1.5,2.4,0.615,0.536,0.4,0.8,0.5,0.5,1.3,1.8,0.8,0.4,1,0.6,1.3,4.1
Victor Wembanyama,PF,20,SAS,17,17,30.1,7.1,16.4,0.43,1.5,5.4,0.275,5.6,11.1,0.505,0.475,3.6,4.4,0.824,2.1,7.4,9.5,2.6,1.3,2.6,3.6,2.6,19.2
Blake Wesley,SG,20,SAS,4,0,5.3,0.8,2,0.375,0,0.3,0,0.8,1.8,0.429,0.375,0.3,0.5,0.5,0.3,0.3,0.5,0.8,0,0.3,0.3,0.8,1.8
Russell Westbrook,PG,35,LAC,15,10,27.7,5.1,11.6,0.437,0.8,2.9,0.279,4.3,8.7,0.489,0.471,1.3,2.1,0.594,1.4,4.8,6.2,5.4,1.6,0.3,2.7,2.6,12.2
Coby White,PG,23,CHI,18,18,32.3,4.8,11.7,0.412,2.5,6.7,0.375,2.3,5.1,0.462,0.519,1.3,1.6,0.821,0.3,2.6,2.9,4.1,0.9,0.3,1.9,2.9,13.4
Derrick White,SG,29,BOS,14,14,32.5,4.4,9.7,0.456,2.1,5.6,0.38,2.3,4.1,0.561,0.566,2.9,3.4,0.833,0.7,3.1,3.8,5,1,0.9,1.9,2.1,13.9
Cam Whitmore,SF,19,HOU,3,0,7.7,1,3,0.333,0,1,0,1,2,0.5,0.333,0.3,0.7,0.5,0,1,1,0.3,0.3,0,0.7,0.3,2.3
Aaron Wiggins,SG,25,OKC,14,0,11.5,1.7,3.1,0.558,0.4,1.2,0.353,1.3,1.9,0.692,0.628,0.8,1.1,0.733,0.4,1.6,2,0.7,0.4,0.1,0.6,0.9,4.6
Andrew Wiggins,SF,28,GSW,17,17,26.7,4.7,11.3,0.417,0.8,3.2,0.255,3.9,8.1,0.482,0.453,1.6,2.8,0.563,1.9,2.1,4.1,1.1,0.4,0.4,1.7,2.4,11.8
Lindell Wigginton,PG,25,MIL,1,0,2,0,1,0,0,1,0,0,0,0,0,0,0,0,0,0,0,0,0,0,1,1,0
Grant Williams,PF,25,DAL,16,16,29.5,3.6,7.8,0.46,2.5,5.6,0.444,1.1,2.1,0.5,0.621,0.8,1.3,0.571,1.2,2.4,3.6,1.6,0.3,0.6,0.9,2.5,10.4
Jalen Williams,PF,22,OKC,13,13,33.2,6.5,12.6,0.518,1.1,2.9,0.368,5.5,9.7,0.563,0.561,3.4,3.8,0.88,0.2,3.8,4.1,3.6,0.8,0.2,2.2,3,17.5
Jaylin Williams,C,21,OKC,11,0,14.1,1.5,3.8,0.381,0.5,2.1,0.261,0.9,1.7,0.526,0.452,0.5,0.5,0.833,0.6,3.4,4,1.6,0.5,0.2,0.4,2.1,3.9
Jeenathan Williams,SG,24,HOU,3,0,5.3,1.7,3,0.556,0,0.7,0,1.7,2.3,0.714,0.556,0.3,0.7,0.5,0,0,0,0.3,0.3,0,0,0.3,3.7
Kenrich Williams,PF,29,OKC,6,0,17.5,2.8,4.3,0.654,1.2,1.8,0.636,1.7,2.5,0.667,0.788,0.3,1,0.333,0.7,2.2,2.8,2.2,0.3,0,0.2,2,7.2
Mark Williams,C,22,CHO,15,15,26.8,5.5,8,0.683,0,0,0,5.5,8,0.683,0.683,2.6,3.7,0.696,4.1,6,10.1,1.3,0.9,1,1,2.5,13.5
Patrick Williams,PF,22,CHI,18,8,23.6,2.4,6.5,0.376,1.1,3,0.352,1.4,3.5,0.397,0.457,1.2,1.4,0.846,0.9,2.9,3.8,1.2,0.9,0.8,1.1,1.4,7.2
Robert Williams,C,26,POR,6,0,19.8,2.8,4.3,0.654,0,0,0,2.8,4.3,0.654,0.654,1.2,1.5,0.778,1.8,4.5,6.3,0.8,1.2,1.2,1.2,2.8,6.8
Vince Williams Jr.,SG,23,MEM,8,0,9.5,0.6,2.1,0.294,0.5,1.9,0.267,0.1,0.3,0.5,0.412,0.9,1,0.875,0.1,1.6,1.8,0.8,0.3,0.6,0.3,1.4,2.6
Ziaire Williams,SF,22,MEM,15,8,23,3,8.2,0.366,1.3,4.1,0.311,1.7,4.1,0.419,0.443,1.4,1.6,0.875,0.7,3.9,4.6,1.5,0.4,0.3,1.3,2.2,8.7
Zion Williamson,PF,23,NOP,13,13,31.5,9.4,17.2,0.547,0.1,0.2,0.333,9.3,16.9,0.55,0.549,4.3,7.2,0.602,2.2,3.7,5.9,4.6,1,0.3,2.8,2.7,23.2
Jalen Wilson,PF,23,BRK,2,0,3.5,0,0.5,0,0,0,0,0,0.5,0,0,0,0,0,0,0.5,0.5,0,0,0.5,0,0,0
Dylan Windler,SF,27,NYK,3,0,2.3,0.3,0.7,0.5,0.3,0.7,0.5,0,0,0,0.75,0,0,0,0,0.3,0.3,0.3,0,0,0,0.3,1
James Wiseman,C,22,DET,8,0,11.3,2.4,3.9,0.613,0,0.1,0,2.4,3.8,0.633,0.613,0.5,0.9,0.571,0.8,2.1,2.9,0.4,0.1,0.4,0.8,2,5.3
Christian Wood,PF,28,LAL,17,1,20.4,2.5,5.3,0.478,0.8,2.4,0.341,1.7,2.9,0.592,0.556,1.2,1.9,0.656,1,4.9,5.9,0.8,0.2,0.5,1.2,2,7.1
Delon Wright,PG,31,WAS,8,0,17.6,1.4,3.8,0.367,0.5,1.4,0.364,0.9,2.4,0.368,0.433,1.8,2,0.875,0.4,2.1,2.5,4.4,1.6,0.1,0.5,0.8,5
Thaddeus Young,PF,35,TOR,3,0,3.3,0.7,1.3,0.5,0,0,0,0.7,1.3,0.5,0.5,0,0.7,0,0.3,0.7,1,1,0,0,0.3,0,1.3
Trae Young,PG,25,ATL,15,15,35.9,7.7,19.1,0.402,3.1,8.4,0.365,4.6,10.7,0.431,0.483,8.1,9.2,0.877,0.7,2.3,3,10.4,1.6,0,3.9,1.5,26.5
Omer Yurtseven,C,25,UTA,10,1,9.1,1.9,3,0.633,0.2,0.9,0.222,1.7,2.1,0.81,0.667,0.3,0.5,0.6,0.9,2.1,3,0.5,0.1,0.3,0.3,0.8,4.3
Cody Zeller,C,31,NOP,13,0,9.2,0.7,1.9,0.36,0,0.1,0,0.7,1.8,0.375,0.36,0.4,1.1,0.357,1.3,2.2,3.5,1.2,0.2,0.2,0.3,0.9,1.8
Ivica Zubac,C,26,LAC,15,15,25.2,4.3,7.1,0.613,0,0,0,4.3,7.1,0.613,0.613,1.8,3,0.6,2.9,5.7,8.6,0.7,0.1,1.3,1.4,2.8,10.5
